ExpID;MeasureDate;LeafID;An;Ci;PPFD;PhiPS2
GC1;01.11.2016;n1-m-a1-l6;14.2728322;324.4822269;1300.397949;0.255412984
GC1;01.11.2016;n1-m-a1-l6;13.38288118;326.8782642;1000.980042;0.329280202
GC1;01.11.2016;n1-m-a1-l6;10.45249545;325.9504548;501.0411987;0.485348501
GC1;01.11.2016;n1-m-a1-l6;3.989226383;367.3741867;200.899826;0.618863372
GC1;01.11.2016;n1-m-a1-l6;1.401356971;385.0590719;124.6878815;0.658958788
GC1;01.11.2016;n1-m-a1-l6;1.386648872;380.0271621;99.02615356;0.677573682
GC1;01.11.2016;n1-m-a1-l6;-0.838607945;399.8868435;80.81417847;0.691802969
GC1;01.11.2016;n1-m-a1-l6;-0.561183282;396.9727007;59.30076218;0.704985389
GC1;01.11.2016;n1-m-a1-l6;-1.255171129;403.2828506;41.07177734;0.715044423
GC1;01.11.2016;n1-m-a1-l6;-2.701279716;413.4025209;28.21094131;0.720114515
GC1;01.11.2016;n1-m-a1-l6;-3.883280672;428.0929607;0.786469102;0.738633501
GC1;01.11.2016;n2-m-a1-l6;16.01704491;334.0735631;1301.166504;0.277792159
GC1;01.11.2016;n2-m-a1-l6;14.30283369;307.7717717;1000.094055;0.339221379
GC1;01.11.2016;n2-m-a1-l6;11.67138668;328.9713291;500.5378723;0.486445101
GC1;01.11.2016;n2-m-a1-l6;4.737255551;362.4774969;200.7588196;0.615550246
GC1;01.11.2016;n2-m-a1-l6;1.170266269;383.8174939;124.4214249;0.659741311
GC1;01.11.2016;n2-m-a1-l6;0.832203433;385.4200381;98.74346161;0.680075866
GC1;01.11.2016;n2-m-a1-l6;-0.444055321;394.0208781;80.80664063;0.695773961
GC1;01.11.2016;n2-m-a1-l6;-1.022671348;399.2240554;59.07471085;0.708926385
GC1;01.11.2016;n2-m-a1-l6;-2.344872685;410.1696241;40.91349411;0.719417287
GC1;01.11.2016;n2-m-a1-l6;-2.678414151;413.2786625;28.08517838;0.726563903
GC1;01.11.2016;n2-m-a1-l6;-4.470525281;429.7622781;0.719726145;0.753855445
GC1;01.11.2016;n3-m-a1-l6;14.45333659;291.9236839;1301.62207;0.286696302
GC1;01.11.2016;n3-m-a1-l6;12.37082671;268.9977188;1000.578674;0.354550984
GC1;01.11.2016;n3-m-a1-l6;10.07858265;282.1101215;500.7894897;0.520414287
GC1;01.11.2016;n3-m-a1-l6;4.541199696;337.7679118;200.9613495;0.662746197
GC1;01.11.2016;n3-m-a1-l6;2.140987054;366.5021208;124.6032333;0.694020978
GC1;01.11.2016;n3-m-a1-l6;0.534146065;383.8432543;98.89192963;0.704940023
GC1;01.11.2016;n3-m-a1-l6;-0.142292732;393.7969662;80.78820801;0.71731706
GC1;01.11.2016;n3-m-a1-l6;-0.589232882;399.0876959;59.21823883;0.726625368
GC1;01.11.2016;n3-m-a1-l6;-1.730262552;416.3963067;40.98830795;0.733515077
GC1;01.11.2016;n3-m-a1-l6;-2.340403846;421.490262;28.18588829;0.737574391
GC1;01.11.2016;n3-m-a1-l6;-3.855864495;441.7663123;0.719477892;0.772893575
GC1;01.11.2016;n3-l-a1-l5;11.84883689;326.4068583;1298.30542;0.176575253
GC1;01.11.2016;n3-l-a1-l5;11.40388896;309.8114497;1001.534485;0.231537281
GC1;01.11.2016;n3-l-a1-l5;10.11607615;319.9487564;501.1462402;0.393891514
GC1;01.11.2016;n3-l-a1-l5;5.306266954;353.6598631;200.874176;0.579094478
GC1;01.11.2016;n3-l-a1-l5;3.844654385;360.0850161;124.6000061;0.634587962
GC1;01.11.2016;n3-l-a1-l5;1.837181102;374.7798736;98.89613342;0.658131322
GC1;01.11.2016;n3-l-a1-l5;1.540947804;378.2142052;80.82609558;0.676028193
GC1;01.11.2016;n3-l-a1-l5;0.077493889;391.2093166;59.08525467;0.691328599
GC1;01.11.2016;n3-l-a1-l5;-0.318302197;395.475716;40.89158249;0.704121474
GC1;01.11.2016;n3-l-a1-l5;-0.169663577;393.5233886;31.32723427;0.70852334
GC1;01.11.2016;n3-l-a1-l5;-1.937907108;411.6243801;0.51571548;0.754290982
GC1;01.11.2016;n2-l-a1-l5;6.542825243;310.3903897;1299.040405;0.114787023
GC1;01.11.2016;n2-l-a1-l5;5.34075554;276.1625148;1001.47113;0.155889473
GC1;01.11.2016;n2-l-a1-l5;4.393846293;294.6430475;500.9641724;0.276751709
GC1;01.11.2016;n2-l-a1-l5;2.73763338;337.7989701;200.7024994;0.542787848
GC1;01.11.2016;n2-l-a1-l5;2.433006969;340.8213932;124.4775467;0.630111423
GC1;01.11.2016;n2-l-a1-l5;1.341524594;360.1245786;98.75;0.659330039
GC1;01.11.2016;n2-l-a1-l5;0.047307712;389.426597;80.63748169;0.679040313
GC1;01.11.2016;n2-l-a1-l5;0.919213736;365.2929053;58.97301865;0.683913257
GC1;01.11.2016;n2-l-a1-l5;-0.519180708;402.8708713;40.75307846;0.696303139
GC1;01.11.2016;n2-l-a1-l5;0.157746005;385.4908241;31.24256897;0.705396706
GC1;01.11.2016;n2-l-a1-l5;-2.525453864;451.74021;0.533572972;0.749501799
GC1;01.11.2016;n1-l-a1-l5;7.703635693;311.7372566;1298.014893;0.146476768
GC1;01.11.2016;n1-l-a1-l5;7.377866589;313.8034624;1001.138733;0.191579944
GC1;01.11.2016;n1-l-a1-l5;5.486869175;328.1235935;500.6060486;0.320407052
GC1;01.11.2016;n1-l-a1-l5;4.030249506;342.5618932;200.8317719;0.521505715
GC1;01.11.2016;n1-l-a1-l5;1.773494228;369.3309477;124.4857635;0.595305891
GC1;01.11.2016;n1-l-a1-l5;1.53123733;372.4825489;98.76952362;0.622624686
GC1;01.11.2016;n1-l-a1-l5;-0.26022951;394.8617657;80.64691925;0.646499467
GC1;01.11.2016;n1-l-a1-l5;-0.033239928;392.6178322;59.06415176;0.665254059
GC1;01.11.2016;n1-l-a1-l5;-1.067019306;407.1486926;40.71450806;0.682279438
GC1;01.11.2016;n1-l-a1-l5;-1.152805769;409.078555;31.26051903;0.690833907
GC1;01.11.2016;n1-l-a1-l5;-2.572258645;435.0059456;0.466378629;0.737605663
GC1;01.11.2016;n1-h-a1-l7;13.09565222;325.635371;1298.509521;0.295098931
GC1;01.11.2016;n1-h-a1-l7;12.8695278;300.6603519;1001.361267;0.347763033
GC1;01.11.2016;n1-h-a1-l7;10.68774632;324.2791626;501.1934509;0.477801277
GC1;01.11.2016;n1-h-a1-l7;4.5648267;359.977916;201.0382843;0.600031229
GC1;01.11.2016;n1-h-a1-l7;1.263910224;383.2936032;124.6594315;0.636736558
GC1;01.11.2016;n1-h-a1-l7;0.18699168;390.784015;98.92578125;0.653936446
GC1;01.11.2016;n1-h-a1-l7;-1.391961814;404.0282827;80.88230133;0.664626913
GC1;01.11.2016;n1-h-a1-l7;-2.274146435;411.6909624;59.27869034;0.675269503
GC1;01.11.2016;n1-h-a1-l7;-3.569924836;423.7960337;40.99142456;0.676593685
GC1;01.11.2016;n1-h-a1-l7;-3.648465283;425.3230799;28.1952343;0.677586069
GC1;01.11.2016;n1-h-a1-l7;-5.117910145;440.6163985;0.849929035;0.703540274
GC1;01.11.2016;n2-h-a1-l7;15.40618309;325.4178534;1299.037109;0.319411895
GC1;01.11.2016;n2-h-a1-l7;13.86295403;305.8970715;1001.223206;0.382231441
GC1;01.11.2016;n2-h-a1-l7;10.72183271;328.8522936;501.2626038;0.519397852
GC1;01.11.2016;n2-h-a1-l7;2.94611962;367.3893803;201.065506;0.628155391
GC1;01.11.2016;n2-h-a1-l7;0.836751361;386.9870575;124.7853546;0.660479629
GC1;01.11.2016;n2-h-a1-l7;-0.63422612;397.0181659;99.1182785;0.674951437
GC1;01.11.2016;n2-h-a1-l7;-1.867820225;406.5310398;81.10554504;0.685923905
GC1;01.11.2016;n2-h-a1-l7;-2.615888725;412.3703231;59.43877411;0.695846554
GC1;01.11.2016;n2-h-a1-l7;-4.557194953;429.3940452;41.15294266;0.70232101
GC1;01.11.2016;n2-h-a1-l7;-4.196567653;426.4035426;28.35538483;0.704984935
GC1;01.11.2016;n2-h-a1-l7;-6.199072177;446.2914387;0.94423753;0.737812567
GC1;01.11.2016;n3-h-a1-l7;18.01195824;309.5713152;1300.30542;0.334422697
GC1;01.11.2016;n3-h-a1-l7;16.24010269;286.8793079;998.3981323;0.406245926
GC1;01.11.2016;n3-h-a1-l7;12.8145022;306.2444696;498.1264343;0.5473029
GC1;01.11.2016;n3-h-a1-l7;6.415041032;339.9655246;201.8854675;0.653392417
GC1;01.11.2016;n3-h-a1-l7;2.780720497;368.5920455;125.3260574;0.687470044
GC1;01.11.2016;n3-h-a1-l7;0.522789777;385.7135844;99.52387238;0.685362289
GC1;01.11.2016;n3-h-a1-l7;-0.542454459;396.5491364;81.54614258;0.692218058
GC1;01.11.2016;n3-h-a1-l7;-1.500520683;408.1279075;59.85560608;0.699514291
GC1;01.11.2016;n3-h-a1-l7;-2.255568222;417.1329589;41.52947617;0.70389224
GC1;01.11.2016;n3-h-a1-l7;-2.646901624;423.7030803;28.66766167;0.707405006
GC1;01.11.2016;n3-h-a1-l7;-4.98214392;455.9816667;0.940026402;0.742123699
GC1;04.11.2016;n2-m-a1-l5;24.62884923;335.1421901;1298.607544;0.292543053
GC1;04.11.2016;n2-m-a1-l5;23.95683565;304.1746919;998.9197388;0.380645717
GC1;04.11.2016;n2-m-a1-l5;17.83831779;300.4225596;501.1262512;0.538616787
GC1;04.11.2016;n2-m-a1-l5;8.913197359;346.5837109;201.3774719;0.63949588
GC1;04.11.2016;n2-m-a1-l5;6.62534737;356.2159257;124.9394226;0.676363098
GC1;04.11.2016;n2-m-a1-l5;3.55282191;363.5569725;98.74286652;0.695788332
GC1;04.11.2016;n2-m-a1-l5;2.460405188;372.4710189;80.83152008;0.697088865
GC1;04.11.2016;n2-m-a1-l5;0.047274025;389.1967387;58.9888382;0.701494637
GC1;04.11.2016;n2-m-a1-l5;0.378155874;388.6806041;40.92052841;0.72953535
GC1;04.11.2016;n2-m-a1-l5;-0.839331163;396.4670726;31.39930344;0.733523736
GC1;04.11.2016;n2-m-a1-l5;-2.309427463;409.6483552;0.82823354;0.777375479
GC1;04.11.2016;n3-m-a1-l5;18.4139044;339.2497492;1301.614746;0.237286601
GC1;04.11.2016;n3-m-a1-l5;17.24700477;322.737557;998.473938;0.305372126
GC1;04.11.2016;n3-m-a1-l5;14.28074395;335.3617145;500.725769;0.475867441
GC1;04.11.2016;n3-m-a1-l5;7.26198436;357.9079937;200.8730011;0.613162679
GC1;04.11.2016;n3-m-a1-l5;4.267747976;369.6805461;124.5033493;0.650316366
GC1;04.11.2016;n3-m-a1-l5;2.566426722;374.7435576;98.77753448;0.669138647
GC1;04.11.2016;n3-m-a1-l5;1.975922126;377.14184;80.77074432;0.686123432
GC1;04.11.2016;n3-m-a1-l5;0.827574619;383.8483095;59.12896729;0.700254503
GC1;04.11.2016;n3-m-a1-l5;-0.186296466;391.5896728;40.77632904;0.716338048
GC1;04.11.2016;n3-m-a1-l5;-0.297696236;392.7540865;31.34915352;0.719459253
GC1;04.11.2016;n3-m-a1-l5;-2.729962891;417.4748913;0.710770607;0.773988175
GC1;04.11.2016;n1-m-a1-l5;30.13303695;334.8697009;1299.233765;0.378166154
GC1;04.11.2016;n1-m-a1-l5;27.96044469;306.5961583;1000.576172;0.45779235
GC1;04.11.2016;n1-m-a1-l5;21.26373845;307.474578;499.3653259;0.601777964
GC1;04.11.2016;n1-m-a1-l5;8.373901338;362.8662261;199.7064819;0.682122528
GC1;04.11.2016;n1-m-a1-l5;4.986010915;373.9353224;123.5368958;0.710478289
GC1;04.11.2016;n1-m-a1-l5;2.588099501;379.4710808;101.6360931;0.721570739
GC1;04.11.2016;n1-m-a1-l5;1.711083445;386.2859014;79.72249603;0.729714379
GC1;04.11.2016;n1-m-a1-l5;0.746915482;389.3042191;61.6161232;0.736819075
GC1;04.11.2016;n1-m-a1-l5;-1.07841693;397.4224433;39.96951294;0.743992783
GC1;04.11.2016;n1-m-a1-l5;-0.220289838;393.8330365;30.4788208;0.747905551
GC1;04.11.2016;n1-m-a1-l5;-3.362057878;412.3526206;0.578494787;0.773098704
GC1;04.11.2016;n2-l-a1-l4;8.965242398;323.0786659;1298.721924;0.118510119
GC1;04.11.2016;n2-l-a1-l4;9.33630342;329.6590001;999.4383545;0.163318957
GC1;04.11.2016;n2-l-a1-l4;7.725396478;299.2773544;500.9710388;0.297619384
GC1;04.11.2016;n2-l-a1-l4;4.139668251;353.8992186;200.6707916;0.496478531
GC1;04.11.2016;n2-l-a1-l4;3.745321396;344.7704863;124.3779907;0.604683906
GC1;04.11.2016;n2-l-a1-l4;3.151901825;356.7487198;98.59220123;0.643573467
GC1;04.11.2016;n2-l-a1-l4;1.920710616;372.8359795;80.53781891;0.6648695
GC1;04.11.2016;n2-l-a1-l4;1.90031302;373.9443185;58.97307968;0.678748132
GC1;04.11.2016;n2-l-a1-l4;0.082331351;390.6809549;40.68119812;0.689545646
GC1;04.11.2016;n2-l-a1-l4;0.784533722;385.1752138;31.23594475;0.694383538
GC1;04.11.2016;n2-l-a1-l4;-1.767933853;415.6825586;0.487590194;0.739137453
GC1;04.11.2016;n1-l-a1-l4;8.694266994;348.1565701;1301.940308;0.116537266
GC1;04.11.2016;n1-l-a1-l4;6.93827255;325.1328417;998.534729;0.153961951
GC1;04.11.2016;n1-l-a1-l4;5.72895503;331.8842746;500.7130432;0.278066019
GC1;04.11.2016;n1-l-a1-l4;4.255392422;339.7753492;200.6195984;0.427355186
GC1;04.11.2016;n1-l-a1-l4;3.622857656;348.842546;124.2638702;0.605180628
GC1;04.11.2016;n1-l-a1-l4;2.893909702;352.2532316;98.52264404;0.638117346
GC1;04.11.2016;n1-l-a1-l4;2.427026368;360.1593837;80.48193359;0.646645829
GC1;04.11.2016;n1-l-a1-l4;1.563589951;373.7404331;58.7767868;0.670096024
GC1;04.11.2016;n1-l-a1-l4;0.177195854;389.9258498;40.55343246;0.682757893
GC1;04.11.2016;n1-l-a1-l4;0.736354613;379.5517101;31.03708267;0.689769527
GC1;04.11.2016;n1-l-a1-l4;-1.43258202;414.3801464;0.447033882;0.73655918
GC1;04.11.2016;n3-l-a1-l4;15.76012452;319.9347399;1301.158569;0.186128813
GC1;04.11.2016;n3-l-a1-l4;15.68431649;310.2254123;1001.929077;0.263015502
GC1;04.11.2016;n3-l-a1-l4;14.25729819;319.2757883;500.2699585;0.439857337
GC1;04.11.2016;n3-l-a1-l4;7.825250068;342.0763768;200.4757385;0.614590603
GC1;04.11.2016;n3-l-a1-l4;5.194004961;362.1230413;124.3102264;0.662359792
GC1;04.11.2016;n3-l-a1-l4;3.559229722;368.173867;98.60532379;0.687273288
GC1;04.11.2016;n3-l-a1-l4;3.267802821;368.0820586;80.64219666;0.701704918
GC1;04.11.2016;n3-l-a1-l4;1.615234669;381.6918555;58.95842743;0.716528553
GC1;04.11.2016;n3-l-a1-l4;1.79422678;376.0487704;40.75022888;0.724617265
GC1;04.11.2016;n3-l-a1-l4;0.89235958;387.719452;31.18250084;0.726753759
GC1;04.11.2016;n3-l-a1-l4;-0.861475806;402.9776123;0.513760924;0.761297227
GC1;04.11.2016;n3-h-a1-l6;28.30642524;305.9265908;1300.446167;0.396278545
GC1;04.11.2016;n3-h-a1-l6;25.8412072;272.738338;999.7254639;0.486520821
GC1;04.11.2016;n3-h-a1-l6;18.02713499;315.2810151;501.1735229;0.621608903
GC1;04.11.2016;n3-h-a1-l6;7.443333906;352.3636154;200.7250519;0.698167611
GC1;04.11.2016;n3-h-a1-l6;4.076866004;367.5704708;124.2138824;0.71006075
GC1;04.11.2016;n3-h-a1-l6;2.459109881;375.2667857;98.45764923;0.716197902
GC1;04.11.2016;n3-h-a1-l6;1.203338245;382.2759889;80.45907593;0.720526074
GC1;04.11.2016;n3-h-a1-l6;-0.065425234;390.9860917;58.76525116;0.728745997
GC1;04.11.2016;n3-h-a1-l6;-0.755322556;397.4692561;40.503479;0.735241343
GC1;04.11.2016;n3-h-a1-l6;-1.401299313;403.7898934;30.97545242;0.738533269
GC1;04.11.2016;n3-h-a1-l6;-3.878435603;430.0161946;0.699714422;0.765776557
GC1;04.11.2016;n1-h-a1-l6;27.21228608;318.9881217;1298.445801;0.360244189
GC1;04.11.2016;n1-h-a1-l6;23.64092631;293.663728;999.0204468;0.445131927
GC1;04.11.2016;n1-h-a1-l6;17.0043258;328.3728625;500.4340515;0.593666248
GC1;04.11.2016;n1-h-a1-l6;6.629520435;346.6996444;199.7246399;0.681100145
GC1;04.11.2016;n1-h-a1-l6;3.887744876;373.0746462;123.5747604;0.708765231
GC1;04.11.2016;n1-h-a1-l6;2.636765177;375.0514161;101.617981;0.71834901
GC1;04.11.2016;n1-h-a1-l6;1.252546329;382.8523182;79.89174652;0.727243349
GC1;04.11.2016;n1-h-a1-l6;-1.460034055;402.8566521;61.59864044;0.727295917
GC1;04.11.2016;n1-h-a1-l6;-0.221359004;394.1682627;39.89904404;0.741750671
GC1;04.11.2016;n1-h-a1-l6;-2.005510135;409.176519;30.3309536;0.745659643
GC1;04.11.2016;n1-h-a1-l6;-3.829214937;424.8602189;0.657602072;0.775889895
GC1;04.11.2016;n2-h-a1-l6;30.32129573;290.6906464;1299.384155;0.410817205
GC1;04.11.2016;n2-h-a1-l6;28.13303549;258.7135356;999.5516357;0.500631845
GC1;04.11.2016;n2-h-a1-l6;20.22021957;315.6144544;501.3793335;0.630783014
GC1;04.11.2016;n2-h-a1-l6;7.796824488;358.6520427;201.0625458;0.701706096
GC1;04.11.2016;n2-h-a1-l6;3.525112523;373.3875102;124.5890961;0.710380726
GC1;04.11.2016;n2-h-a1-l6;1.900524189;381.1138418;98.85279083;0.716514357
GC1;04.11.2016;n2-h-a1-l6;0.863355531;386.7278294;80.87732697;0.721522049
GC1;04.11.2016;n2-h-a1-l6;0.060809619;390.9745573;59.14470291;0.730682674
GC1;04.11.2016;n2-h-a1-l6;-2.004089022;403.8628958;40.77434921;0.737734614
GC1;04.11.2016;n2-h-a1-l6;-0.766301677;397.6980292;31.31265068;0.741062944
GC1;04.11.2016;n2-h-a1-l6;-3.929919001;423.209351;0.664642215;0.773839927
GC1;08.11.2016;n1-m-a1-l4;19.98488285;267.6706559;1300.663696;0.303796033
GC1;08.11.2016;n1-m-a1-l4;20.36879347;298.0546613;1001.9328;0.394027812
GC1;08.11.2016;n1-m-a1-l4;17.22896192;303.6418059;500.5315552;0.551791828
GC1;08.11.2016;n1-m-a1-l4;8.453662688;337.760088;200.6928406;0.639732875
GC1;08.11.2016;n1-m-a1-l4;5.390307538;361.0267896;124.450531;0.671782643
GC1;08.11.2016;n1-m-a1-l4;4.359549931;362.8897541;98.69825745;0.692280189
GC1;08.11.2016;n1-m-a1-l4;2.777854519;370.3421455;80.70716858;0.708288473
GC1;08.11.2016;n1-m-a1-l4;1.490445965;382.7848427;58.96376038;0.724317069
GC1;08.11.2016;n1-m-a1-l4;0.143332999;390.5940382;40.85351181;0.73626443
GC1;08.11.2016;n1-m-a1-l4;-0.266302499;393.5150404;31.34153938;0.739340716
GC1;08.11.2016;n1-m-a1-l4;-2.379366433;413.9594109;0.606741965;0.789576264
GC1;08.11.2016;n2-m-a1-l4;23.6186695;312.2895209;1299.084595;0.304209675
GC1;08.11.2016;n2-m-a1-l4;21.55989124;307.4373991;998.3934937;0.373369253
GC1;08.11.2016;n2-m-a1-l4;17.50602203;316.6555886;500.7303772;0.544960057
GC1;08.11.2016;n2-m-a1-l4;10.2178124;342.0056892;200.8574829;0.64557411
GC1;08.11.2016;n2-m-a1-l4;6.069789032;358.7631606;124.5198059;0.680407691
GC1;08.11.2016;n2-m-a1-l4;4.542388142;363.6718083;98.79685211;0.700343284
GC1;08.11.2016;n2-m-a1-l4;3.515495093;368.1136784;80.78096771;0.712969035
GC1;08.11.2016;n2-m-a1-l4;0.926576906;386.7665764;59.00314713;0.726388001
GC1;08.11.2016;n2-m-a1-l4;1.135908668;384.7132982;40.87042618;0.735799355
GC1;08.11.2016;n2-m-a1-l4;0.525294511;388.7137555;31.36335182;0.739088161
GC1;08.11.2016;n2-m-a1-l4;-1.957074009;408.2386233;0.667437315;0.776326811
GC1;08.11.2016;n3-m-a1-l7;24.73202089;302.8352445;1298.051025;0.344930344
GC1;08.11.2016;n3-m-a1-l7;22.31984966;287.0678133;998.6953125;0.414071711
GC1;08.11.2016;n3-m-a1-l7;17.19802974;299.5899;500.6713867;0.559468118
GC1;08.11.2016;n3-m-a1-l7;7.165694145;352.3738865;200.3882599;0.659119705
GC1;08.11.2016;n3-m-a1-l7;3.737593908;371.036718;124.0347214;0.692124682
GC1;08.11.2016;n3-m-a1-l7;3.730748152;367.7527013;98.3688736;0.704334301
GC1;08.11.2016;n3-m-a1-l7;2.440280587;373.4604288;80.24691772;0.714444178
GC1;08.11.2016;n3-m-a1-l7;1.431423829;378.6453004;58.42763138;0.724029568
GC1;08.11.2016;n3-m-a1-l7;0.428209813;387.0401787;40.26131821;0.730450538
GC1;08.11.2016;n3-m-a1-l7;0.139904025;389.8183879;30.71026993;0.733403848
GC1;08.11.2016;n3-m-a1-l7;-1.995318087;415.3519468;0.557510912;0.768961497
GC1;08.11.2016;n3-l-a1-l3;13.55526734;320.3000785;1300.889648;0.179903186
GC1;08.11.2016;n3-l-a1-l3;12.78734026;310.2743047;1001.993042;0.237936576
GC1;08.11.2016;n3-l-a1-l3;12.47764412;304.8771363;500.1308289;0.400204328
GC1;08.11.2016;n3-l-a1-l3;7.514168558;327.4041623;200.0088196;0.599587068
GC1;08.11.2016;n3-l-a1-l3;5.603903048;345.7196826;123.7101288;0.645919393
GC1;08.11.2016;n3-l-a1-l3;5.028841866;339.4679458;101.8117142;0.667583676
GC1;08.11.2016;n3-l-a1-l3;3.24432243;364.7451134;79.95054626;0.686477928
GC1;08.11.2016;n3-l-a1-l3;2.762796825;368.5426588;58.21075821;0.702553345
GC1;08.11.2016;n3-l-a1-l3;0.715264476;382.6044383;40.13293457;0.71351161
GC1;08.11.2016;n3-l-a1-l3;0.630239313;384.9561623;30.52407646;0.722377527
GC1;08.11.2016;n3-l-a1-l3;-0.871058043;401.5081285;0.331051588;0.755577663
GC1;08.11.2016;n2-l-a1-l7;15.0352963;354.649024;1299.997681;0.171543477
GC1;08.11.2016;n2-l-a1-l7;14.4827663;335.7507948;998.8083496;0.216874334
GC1;08.11.2016;n2-l-a1-l7;12.16456228;335.118725;500.9931641;0.387205888
GC1;08.11.2016;n2-l-a1-l7;7.519527648;351.6307911;200.8861389;0.58975014
GC1;08.11.2016;n2-l-a1-l7;4.552789695;365.9752569;124.5212021;0.646179983
GC1;08.11.2016;n2-l-a1-l7;3.457985351;370.9880442;98.84253693;0.674764351
GC1;08.11.2016;n2-l-a1-l7;2.685216484;374.7811535;80.79249573;0.691051617
GC1;08.11.2016;n2-l-a1-l7;1.499572527;382.03416;59.09486771;0.704731527
GC1;08.11.2016;n2-l-a1-l7;0.945282735;385.7568481;40.87900543;0.715346212
GC1;08.11.2016;n2-l-a1-l7;-0.337129568;395.3189422;28.04696465;0.721894408
GC1;08.11.2016;n2-l-a1-l7;-1.339242166;402.9431008;0.489424378;0.757337887
GC1;08.11.2016;n1-l-a1-l7;12.43681633;352.7750744;1298.2146;0.154869741
GC1;08.11.2016;n1-l-a1-l7;11.5026276;328.507665;998.8029175;0.204799335
GC1;08.11.2016;n1-l-a1-l7;11.00055634;336.38113;500.9815674;0.356339501
GC1;08.11.2016;n1-l-a1-l7;6.872092364;351.4636657;200.9361572;0.546312158
GC1;08.11.2016;n1-l-a1-l7;4.103715655;363.0777668;124.5719147;0.605957904
GC1;08.11.2016;n1-l-a1-l7;4.066149774;354.8715767;98.78799438;0.638372253
GC1;08.11.2016;n1-l-a1-l7;2.703570647;375.0675449;80.85011292;0.659890088
GC1;08.11.2016;n1-l-a1-l7;1.813623833;380.386747;58.99559784;0.677455699
GC1;08.11.2016;n1-l-a1-l7;0.786901629;385.6678228;40.93222809;0.691377747
GC1;08.11.2016;n1-l-a1-l7;0.335510335;388.9216266;31.39373016;0.696557917
GC1;08.11.2016;n1-l-a1-l7;-1.464278371;403.2135229;0.421318978;0.736923276
GC1;08.11.2016;n1-h-a1-l5;24.42690989;252.584624;1301.453247;0.349543875
GC1;08.11.2016;n1-h-a1-l5;22.76737064;248.4601936;1001.016541;0.412341201
GC1;08.11.2016;n1-h-a1-l5;15.15861133;305.0793297;502.038147;0.560525658
GC1;08.11.2016;n1-h-a1-l5;8.200931991;324.7908548;201.2992859;0.694610137
GC1;08.11.2016;n1-h-a1-l5;5.662891516;333.5865632;124.9214096;0.709468986
GC1;08.11.2016;n1-h-a1-l5;3.988454413;358.2389391;99.05123901;0.710443018
GC1;08.11.2016;n1-h-a1-l5;2.260379253;371.4586912;81.02412415;0.720548395
GC1;08.11.2016;n1-h-a1-l5;2.292286171;363.9291036;59.42077255;0.730241501
GC1;08.11.2016;n1-h-a1-l5;0.456388899;386.3526243;41.14936066;0.735648938
GC1;08.11.2016;n1-h-a1-l5;0.889061908;382.602527;28.40496063;0.738828964
GC1;08.11.2016;n1-h-a1-l5;-2.040536389;411.055252;0.740464509;0.778327617
GC1;08.11.2016;n2-h-a1-l5;25.06491156;296.6840464;1299.811035;0.403674608
GC1;08.11.2016;n2-h-a1-l5;22.6063698;245.1208191;1000.401917;0.471781322
GC1;08.11.2016;n2-h-a1-l5;17.26579635;290.5705341;501.9396667;0.599630436
GC1;08.11.2016;n2-h-a1-l5;7.051900655;339.106982;201.4001617;0.688845068
GC1;08.11.2016;n2-h-a1-l5;3.071245209;369.4841333;124.876152;0.713102587
GC1;08.11.2016;n2-h-a1-l5;2.932195472;368.9323304;99.22836304;0.719732596
GC1;08.11.2016;n2-h-a1-l5;1.40279778;378.1233519;81.22401428;0.722981433
GC1;08.11.2016;n2-h-a1-l5;0.612268981;386.2142381;59.45512772;0.731360328
GC1;08.11.2016;n2-h-a1-l5;-1.186517296;403.4897246;41.17010117;0.738235522
GC1;08.11.2016;n2-h-a1-l5;-1.19170243;403.936519;28.35690498;0.74375467
GC1;08.11.2016;n2-h-a1-l5;-3.11516386;426.5674006;0.582613707;0.784820843
GC1;08.11.2016;n3-h-a1-l5;23.01133925;283.7781503;1298.657471;0.41394299
GC1;08.11.2016;n3-h-a1-l5;22.06288957;257.2318756;998.1610107;0.480508468
GC1;08.11.2016;n3-h-a1-l5;17.0664818;294.5337919;498.8045959;0.601554765
GC1;08.11.2016;n3-h-a1-l5;8.55150879;328.7792064;201.9449005;0.695061618
GC1;08.11.2016;n3-h-a1-l5;4.866183183;353.0380685;125.3220673;0.718032708
GC1;08.11.2016;n3-h-a1-l5;3.564544128;361.733362;99.53492737;0.725120747
GC1;08.11.2016;n3-h-a1-l5;2.178985474;376.7733522;81.43891907;0.730058793
GC1;08.11.2016;n3-h-a1-l5;1.249070676;382.9044815;59.67100143;0.73434571
GC1;08.11.2016;n3-h-a1-l5;-0.603421894;394.1920998;41.30442047;0.735956974
GC1;08.11.2016;n3-h-a1-l5;-1.275356014;400.2106454;28.43350792;0.74274767
GC1;08.11.2016;n3-h-a1-l5;-2.143228503;409.6582054;0.618030369;0.774890632
GC1;11.11.2016;n1-m-a2-l6;26.29029668;340.120165;1299.970581;0.317761353
GC1;11.11.2016;n1-m-a2-l6;24.59601515;292.9553045;998.5786133;0.39258417
GC1;11.11.2016;n1-m-a2-l6;20.72718776;306.5936079;500.9520874;0.564367958
GC1;11.11.2016;n1-m-a2-l6;11.21351196;330.5745782;200.7103577;0.673695827
GC1;11.11.2016;n1-m-a2-l6;7.230688196;361.7948423;124.4549484;0.709405019
GC1;11.11.2016;n1-m-a2-l6;5.084860294;362.494693;98.68935394;0.726373131
GC1;11.11.2016;n1-m-a2-l6;4.038170112;365.6862708;80.67294312;0.737238625
GC1;11.11.2016;n1-m-a2-l6;2.903528489;372.3671745;58.95656204;0.747276753
GC1;11.11.2016;n1-m-a2-l6;1.781645091;384.2574026;40.83308029;0.752379953
GC1;11.11.2016;n1-m-a2-l6;1.145872042;386.8265452;28.14508247;0.757060854
GC1;11.11.2016;n1-m-a2-l6;-1.328319473;398.7708842;0.73197037;0.777398056
GC1;11.11.2016;n3-m-a2-l7;19.59905837;318.5965943;1300.716431;0.325149934
GC1;11.11.2016;n3-m-a2-l7;17.82418131;275.9529713;1000.307373;0.405445455
GC1;11.11.2016;n3-m-a2-l7;15.17861564;279.6572419;500.5995178;0.564873198
GC1;11.11.2016;n3-m-a2-l7;7.638449754;320.3199339;200.6032715;0.669939818
GC1;11.11.2016;n3-m-a2-l7;5.324743377;329.307995;124.3131104;0.699747879
GC1;11.11.2016;n3-m-a2-l7;3.221871336;358.9979124;98.56109619;0.71209788
GC1;11.11.2016;n3-m-a2-l7;3.016634772;348.9656716;80.60271454;0.721514018
GC1;11.11.2016;n3-m-a2-l7;1.862104556;362.4121747;58.88274765;0.7400666
GC1;11.11.2016;n3-m-a2-l7;0.938820061;376.6712189;40.73270416;0.747679853
GC1;11.11.2016;n3-m-a2-l7;-0.529084501;401.5903633;31.21156693;0.752468863
GC1;11.11.2016;n3-m-a2-l7;-2.25518842;429.6146177;0.593106687;0.784108847
GC1;11.11.2016;n2-m-a2-l8;18.03403109;327.7636721;1299.849609;0.262270785
GC1;11.11.2016;n2-m-a2-l8;16.67044401;305.0625966;998.3681641;0.344108293
GC1;11.11.2016;n2-m-a2-l8;14.23057387;313.2715259;500.9707031;0.50724751
GC1;11.11.2016;n2-m-a2-l8;7.185066632;350.3527045;200.8161621;0.648470654
GC1;11.11.2016;n2-m-a2-l8;3.731088847;368.1894387;124.5316772;0.68576652
GC1;11.11.2016;n2-m-a2-l8;1.99790853;375.5978984;98.82717896;0.70092647
GC1;11.11.2016;n2-m-a2-l8;0.983219952;382.616209;80.78052521;0.711924451
GC1;11.11.2016;n2-m-a2-l8;0.534135018;386.3382314;59.06742477;0.720688973
GC1;11.11.2016;n2-m-a2-l8;-0.630568727;396.0748403;40.84407425;0.727706606
GC1;11.11.2016;n2-m-a2-l8;-0.853171047;398.5188148;28.08502769;0.731086701
GC1;11.11.2016;n2-m-a2-l8;-3.934443243;423.5466506;0.63981545;0.770696049
GC1;11.11.2016;n2-l-a2-l8;16.46555037;314.4457585;1300.385742;0.211492564
GC1;11.11.2016;n2-l-a2-l8;16.82931444;304.0552798;999.4972534;0.273219831
GC1;11.11.2016;n2-l-a2-l8;14.95919941;318.5560383;498.6343689;0.450891645
GC1;11.11.2016;n2-l-a2-l8;9.033541689;341.5496081;199.066391;0.621313944
GC1;11.11.2016;n2-l-a2-l8;5.302613564;357.4302738;123.8214264;0.668782699
GC1;11.11.2016;n2-l-a2-l8;3.999150369;370.4508292;101.0593796;0.690562704
GC1;11.11.2016;n2-l-a2-l8;2.710141446;377.4010922;79.23332214;0.704828158
GC1;11.11.2016;n2-l-a2-l8;2.624169843;376.1112432;61.11779022;0.713919978
GC1;11.11.2016;n2-l-a2-l8;1.109362098;384.8256018;39.45332718;0.727352098
GC1;11.11.2016;n2-l-a2-l8;0.18333916;393.9201822;29.88379288;0.730251214
GC1;11.11.2016;n2-l-a2-l8;-0.753151583;400.7080716;0.345909148;0.768371931
GC1;11.11.2016;n1-l-a2-l9;12.80515444;333.8652722;1299.224731;0.156231326
GC1;11.11.2016;n1-l-a2-l9;12.04770551;326.4577778;999.835144;0.210717774
GC1;11.11.2016;n1-l-a2-l9;10.80556253;326.534179;500.6199036;0.388000776
GC1;11.11.2016;n1-l-a2-l9;7.571463684;341.5990546;200.5740509;0.59440695
GC1;11.11.2016;n1-l-a2-l9;5.794366136;350.6084298;124.3297272;0.682176397
GC1;11.11.2016;n1-l-a2-l9;4.091804807;363.6597819;98.5615387;0.680306946
GC1;11.11.2016;n1-l-a2-l9;2.958664618;362.4967134;80.53208923;0.702321005
GC1;11.11.2016;n1-l-a2-l9;2.127552339;371.7016296;58.86133957;0.711897131
GC1;11.11.2016;n1-l-a2-l9;0.55242705;389.0153406;40.69961166;0.721217061
GC1;11.11.2016;n1-l-a2-l9;0.846148075;386.9297952;31.23591614;0.721913236
GC1;11.11.2016;n1-l-a2-l9;-0.696048963;399.036;0.524432123;0.759213541
GC1;11.11.2016;n3-l-a2-l6;17.34183576;335.1442883;1299.301025;0.222738145
GC1;11.11.2016;n3-l-a2-l6;16.05095469;313.4672899;998.0877075;0.283329394
GC1;11.11.2016;n3-l-a2-l6;14.73184383;315.3189214;500.6852417;0.455666749
GC1;11.11.2016;n3-l-a2-l6;8.911566891;340.6753001;200.6964264;0.61443673
GC1;11.11.2016;n3-l-a2-l6;5.549616256;358.9017371;124.3605576;0.658339299
GC1;11.11.2016;n3-l-a2-l6;3.53356272;367.3538209;98.68517303;0.684804392
GC1;11.11.2016;n3-l-a2-l6;3.616165152;369.9553838;80.62392426;0.699965498
GC1;11.11.2016;n3-l-a2-l6;1.775644585;379.8454791;58.87102127;0.715289429
GC1;11.11.2016;n3-l-a2-l6;1.651546993;377.5464348;40.76171112;0.725047517
GC1;11.11.2016;n3-l-a2-l6;0.737198129;388.4728089;31.25728416;0.729782783
GC1;11.11.2016;n3-l-a2-l6;-0.552169914;397.6916388;0.517772079;0.762257569
GC1;11.11.2016;n1-h-a2-l7;25.41944716;272.8708609;1299.90979;0.338579835
GC1;11.11.2016;n1-h-a2-l7;23.05860261;239.5635923;1001.878235;0.420018819
GC1;11.11.2016;n1-h-a2-l7;17.44567467;268.1845595;498.2072144;0.588199615
GC1;11.11.2016;n1-h-a2-l7;8.968947352;314.1873163;201.2341003;0.710971625
GC1;11.11.2016;n1-h-a2-l7;5.965891447;319.7364232;124.7001953;0.734691339
GC1;11.11.2016;n1-h-a2-l7;4.858996056;342.2097113;99.04263306;0.741200508
GC1;11.11.2016;n1-h-a2-l7;3.341738349;340.734643;80.95267487;0.745217544
GC1;11.11.2016;n1-h-a2-l7;2.517908507;353.5823748;59.25707245;0.749286747
GC1;11.11.2016;n1-h-a2-l7;0.332056564;386.9019304;40.84533691;0.753381603
GC1;11.11.2016;n1-h-a2-l7;1.135216932;375.9752118;31.53159332;0.758542528
GC1;11.11.2016;n1-h-a2-l7;-0.874640625;405.740819;0.685809374;0.779487742
GC1;11.11.2016;n3-h-a2-l7;23.63913295;313.4582792;1298.925415;0.370149012
GC1;11.11.2016;n3-h-a2-l7;21.60276954;294.3816851;1000.535583;0.451037841
GC1;11.11.2016;n3-h-a2-l7;16.4547986;314.6347208;500.4707947;0.576411563
GC1;11.11.2016;n3-h-a2-l7;10.63455158;318.9729601;201.4438782;0.668079788
GC1;11.11.2016;n3-h-a2-l7;6.43811464;349.5692094;124.8802948;0.70759505
GC1;11.11.2016;n3-h-a2-l7;4.756376596;359.6253747;99.14360809;0.722476372
GC1;11.11.2016;n3-h-a2-l7;3.536550544;366.7872278;81.04750061;0.731133326
GC1;11.11.2016;n3-h-a2-l7;1.8104869;377.6271893;59.32677841;0.739351397
GC1;11.11.2016;n3-h-a2-l7;1.157585627;382.8007718;41.07068253;0.746731223
GC1;11.11.2016;n3-h-a2-l7;0.370182492;386.915604;28.29617691;0.750779585
GC1;11.11.2016;n3-h-a2-l7;-0.453365317;393.2562054;0.70592612;0.787077588
GC1;11.11.2016;n2-h-a2-l6;32.31587833;315.1696989;1300.45874;0.433585259
GC1;11.11.2016;n2-h-a2-l6;30.3200546;281.5813588;998.0869141;0.507988047
GC1;11.11.2016;n2-h-a2-l6;21.789287;299.8171341;498.9561157;0.635064904
GC1;11.11.2016;n2-h-a2-l6;9.534085809;344.882857;202.0327606;0.713553368
GC1;11.11.2016;n2-h-a2-l6;5.283724254;366.5208013;125.3030319;0.737197644
GC1;11.11.2016;n2-h-a2-l6;3.530281469;368.6737312;99.38137817;0.733939264
GC1;11.11.2016;n2-h-a2-l6;2.593473297;371.6802002;81.46789551;0.737616756
GC1;11.11.2016;n2-h-a2-l6;0.760417296;387.5749552;59.69040298;0.740709633
GC1;11.11.2016;n2-h-a2-l6;-0.436654608;393.9119273;41.34634399;0.740841352
GC1;11.11.2016;n2-h-a2-l6;-0.192518014;391.8778435;28.54150772;0.743688472
GC1;11.11.2016;n2-h-a2-l6;-2.111187964;406.9243718;0.692645133;0.760176031
GC1;15.11.2016;n2-m-a2-l6;22.43099564;349.5931156;1300.0354;0.27699738
GC1;15.11.2016;n2-m-a2-l6;20.23426246;312.9014864;1001.612305;0.351304208
GC1;15.11.2016;n2-m-a2-l6;16.52609573;325.9295913;499.9085693;0.502069702
GC1;15.11.2016;n2-m-a2-l6;8.308219388;355.4337824;200.0339661;0.61320176
GC1;15.11.2016;n2-m-a2-l6;4.282562582;369.5884707;123.6574097;0.652072398
GC1;15.11.2016;n2-m-a2-l6;3.132406419;375.4044829;101.7347717;0.672845363
GC1;15.11.2016;n2-m-a2-l6;1.34379128;384.8668633;79.85727692;0.692625443
GC1;15.11.2016;n2-m-a2-l6;1.958437047;381.6719122;61.70972061;0.709281854
GC1;15.11.2016;n2-m-a2-l6;0.26626638;388.8322706;39.9417572;0.726613786
GC1;15.11.2016;n2-m-a2-l6;0.834055111;387.7963237;30.49827194;0.733373767
GC1;15.11.2016;n2-m-a2-l6;-1.539614019;402.6744482;0.416447043;0.781094228
GC1;15.11.2016;n1-m-a2-l7;22.88163297;334.296068;1298.287598;0.287215624
GC1;15.11.2016;n1-m-a2-l7;21.75412252;327.7250923;998.6896973;0.356164543
GC1;15.11.2016;n1-m-a2-l7;18.9012783;331.0689611;500.9789124;0.537605785
GC1;15.11.2016;n1-m-a2-l7;9.688343111;357.2207291;200.9325867;0.673735418
GC1;15.11.2016;n1-m-a2-l7;5.334029659;371.4530242;124.5909729;0.702487884
GC1;15.11.2016;n1-m-a2-l7;4.772243877;368.5223731;98.89669037;0.71808012
GC1;15.11.2016;n1-m-a2-l7;3.148563998;380.1177928;80.85323334;0.726613148
GC1;15.11.2016;n1-m-a2-l7;2.497728506;378.7094578;59.11826324;0.732373684
GC1;15.11.2016;n1-m-a2-l7;0.66473049;390.0164873;40.87718582;0.736339313
GC1;15.11.2016;n1-m-a2-l7;1.028443191;388.6161672;28.15391159;0.741964988
GC1;15.11.2016;n1-m-a2-l7;-1.138770659;396.7801401;0.605023205;0.764931675
GC1;15.11.2016;n3-m-a2-l6;21.82503638;345.3527625;1300.489258;0.290029347
GC1;15.11.2016;n3-m-a2-l6;20.63776991;275.2279568;1001.250366;0.362020134
GC1;15.11.2016;n3-m-a2-l6;16.97193698;312.4126924;500.2690125;0.521691894
GC1;15.11.2016;n3-m-a2-l6;8.790245698;344.7979306;200.4269714;0.627859079
GC1;15.11.2016;n3-m-a2-l6;4.430072509;363.0191352;124.0692368;0.664956394
GC1;15.11.2016;n3-m-a2-l6;3.301924665;369.0045523;98.36267853;0.685992996
GC1;15.11.2016;n3-m-a2-l6;3.090432975;369.4068193;80.31408691;0.701849482
GC1;15.11.2016;n3-m-a2-l6;1.685300661;378.1070213;58.51264572;0.718267816
GC1;15.11.2016;n3-m-a2-l6;0.672798489;385.7463555;40.43534088;0.728896478
GC1;15.11.2016;n3-m-a2-l6;0.684020328;385.4287832;30.92073631;0.735154144
GC1;15.11.2016;n3-m-a2-l6;-1.890792284;407.9138861;0.403821319;0.779249757
GC1;15.11.2016;n3-h-a2-l6;22.71993714;324.4066656;1299.464355;0.321839881
GC1;15.11.2016;n3-h-a2-l6;21.84816143;280.425758;999.6783447;0.384783936
GC1;15.11.2016;n3-h-a2-l6;16.70949676;311.2732343;501.4605713;0.52047468
GC1;15.11.2016;n3-h-a2-l6;8.158635137;330.9291283;201.0314484;0.6100576
GC1;15.11.2016;n3-h-a2-l6;4.910101256;346.8123883;124.6388245;0.64881103
GC1;15.11.2016;n3-h-a2-l6;4.106410709;361.2483777;98.97304535;0.671691161
GC1;15.11.2016;n3-h-a2-l6;2.826438756;368.0387521;81.01269531;0.688697865
GC1;15.11.2016;n3-h-a2-l6;1.470381218;376.7874387;59.19020844;0.706380483
GC1;15.11.2016;n3-h-a2-l6;0.287124969;386.6970767;40.98442841;0.722970085
GC1;15.11.2016;n3-h-a2-l6;-0.706744136;398.1154146;28.21184349;0.73041314
GC1;15.11.2016;n3-h-a2-l6;-1.759727019;410.1685962;0.606088936;0.784917524
GC1;15.11.2016;n2-h-a2-l5;22.25232619;286.680287;1301.116089;0.336023547
GC1;15.11.2016;n2-h-a2-l5;19.96413294;259.3673188;1000.844177;0.407067467
GC1;15.11.2016;n2-h-a2-l5;16.35105184;254.7182054;501.9345703;0.557805011
GC1;15.11.2016;n2-h-a2-l5;8.866866487;328.4189726;201.4230652;0.66155219
GC1;15.11.2016;n2-h-a2-l5;4.999703079;345.7302618;124.9021759;0.700002475
GC1;15.11.2016;n2-h-a2-l5;4.303136544;348.4195886;99.08078003;0.714694291
GC1;15.11.2016;n2-h-a2-l5;3.179330484;357.4225539;81.030159;0.727059133
GC1;15.11.2016;n2-h-a2-l5;1.735696546;371.004768;59.25021744;0.738665115
GC1;15.11.2016;n2-h-a2-l5;1.042472659;380.1069146;40.977005;0.747517019
GC1;15.11.2016;n2-h-a2-l5;0.193995068;389.5157943;28.22195435;0.752872151
GC1;15.11.2016;n2-h-a2-l5;-1.562241453;411.5432946;0.52623105;0.786268974
GC1;15.11.2016;n1-h-a2-l6;15.17371941;261.6961593;1299.247192;0.242180795
GC1;15.11.2016;n1-h-a2-l6;14.90577067;244.9663932;1001.746948;0.291403778
GC1;15.11.2016;n1-h-a2-l6;12.03560999;282.1106495;500.4313354;0.467333795
GC1;15.11.2016;n1-h-a2-l6;8.992031292;302.5718351;201.139801;0.642960927
GC1;15.11.2016;n1-h-a2-l6;5.387658222;330.2270549;124.4931259;0.685530839
GC1;15.11.2016;n1-h-a2-l6;4.600376493;339.9079325;98.76847076;0.702826103
GC1;15.11.2016;n1-h-a2-l6;4.27447178;337.8972027;80.6704483;0.715185391
GC1;15.11.2016;n1-h-a2-l6;3.162996649;348.02935;58.81895447;0.72606103
GC1;15.11.2016;n1-h-a2-l6;2.064705534;361.8770872;40.57147217;0.734001742
GC1;15.11.2016;n1-h-a2-l6;1.875628296;363.1455997;31.11099434;0.738998535
GC1;15.11.2016;n1-h-a2-l6;-0.205093147;394.064826;0.488258243;0.771124115
GC1;15.11.2016;n3-l-a2-l5;14.80724982;324.7215685;1301.170776;0.187117609
GC1;15.11.2016;n3-l-a2-l5;13.69782091;327.9657333;1000.461426;0.237834325
GC1;15.11.2016;n3-l-a2-l5;12.47771988;335.3895558;500.0900269;0.41587756
GC1;15.11.2016;n3-l-a2-l5;9.589744575;349.6606633;200.259491;0.608512833
GC1;15.11.2016;n3-l-a2-l5;6.759030068;353.6762647;124.0388412;0.700022614
GC1;15.11.2016;n3-l-a2-l5;5.100486863;363.2439898;98.34835052;0.690212419
GC1;15.11.2016;n3-l-a2-l5;4.051941122;367.5319491;80.30801392;0.70774359
GC1;15.11.2016;n3-l-a2-l5;2.937249771;375.7270962;58.4476738;0.723859976
GC1;15.11.2016;n3-l-a2-l5;1.764391351;380.7320523;40.35678482;0.734641292
GC1;15.11.2016;n3-l-a2-l5;1.580540323;381.4710505;30.84351158;0.741048009
GC1;15.11.2016;n3-l-a2-l5;-1.095582724;400.1046052;0.386400819;0.772716385
GC1;15.11.2016;n2-l-a2-l9;18.65056527;336.5393496;1300.835938;0.239431494
GC1;15.11.2016;n2-l-a2-l9;17.41461844;307.246654;1001.857666;0.314133613
GC1;15.11.2016;n2-l-a2-l9;15.44343522;314.3145044;500.1586914;0.494909317
GC1;15.11.2016;n2-l-a2-l9;8.303208173;348.0335669;200.4299469;0.632850825
GC1;15.11.2016;n2-l-a2-l9;4.817159347;364.0627521;124.1646576;0.67505916
GC1;15.11.2016;n2-l-a2-l9;3.745874197;371.1459758;98.48350525;0.69856209
GC1;15.11.2016;n2-l-a2-l9;2.648540696;370.4003646;80.35967255;0.711902054
GC1;15.11.2016;n2-l-a2-l9;2.386317795;370.5774372;58.75231171;0.725486571
GC1;15.11.2016;n2-l-a2-l9;1.125370593;380.2970316;40.59902954;0.732871546
GC1;15.11.2016;n2-l-a2-l9;0.856539384;386.8791458;31.13366699;0.735957221
GC1;15.11.2016;n2-l-a2-l9;-0.761705174;397.7451748;0.405731052;0.762738904
GC1;15.11.2016;n1-l-a2-l8;14.3272743;329.6242898;1301.856689;0.16279948
GC1;15.11.2016;n1-l-a2-l8;14.09602219;317.5824559;998.3197632;0.242552378
GC1;15.11.2016;n1-l-a2-l8;13.07499438;310.6933031;500.6505737;0.417689099
GC1;15.11.2016;n1-l-a2-l8;8.135156982;329.5569409;200.7096405;0.602249835
GC1;15.11.2016;n1-l-a2-l8;5.07473557;349.9794902;124.4271698;0.650318989
GC1;15.11.2016;n1-l-a2-l8;3.899554697;358.2782422;98.74312592;0.676982951
GC1;15.11.2016;n1-l-a2-l8;3.720633824;358.238773;80.68056488;0.695446626
GC1;15.11.2016;n1-l-a2-l8;2.553643421;368.4100661;58.93732071;0.71261859
GC1;15.11.2016;n1-l-a2-l8;1.61792518;376.5680238;40.81916428;0.723574665
GC1;15.11.2016;n1-l-a2-l8;1.483613389;377.6319351;31.29834175;0.72929628
GC1;15.11.2016;n1-l-a2-l8;-0.897969662;402.3491667;0.487511694;0.763161955
GC1;18.11.2016;n1-m-a2-l4;19.09864757;324.5538056;1300.993042;0.229892498
GC1;18.11.2016;n1-m-a2-l4;15.54225127;322.9827027;1000.976685;0.289067156
GC1;18.11.2016;n1-m-a2-l4;13.50394439;338.7032761;498.2381897;0.469838487
GC1;18.11.2016;n1-m-a2-l4;9.047654057;348.5086139;202.0375977;0.633423707
GC1;18.11.2016;n1-m-a2-l4;5.95708352;349.6973934;124.9506149;0.70445957
GC1;18.11.2016;n1-m-a2-l4;4.299574046;365.512812;99.22274017;0.698222884
GC1;18.11.2016;n1-m-a2-l4;3.255347807;370.5331797;81.18890381;0.711031813
GC1;18.11.2016;n1-m-a2-l4;1.956365429;375.8356818;59.27562332;0.718636679
GC1;18.11.2016;n1-m-a2-l4;1.776596025;381.8482663;41.11951065;0.729036163
GC1;18.11.2016;n1-m-a2-l4;1.357629422;383.5916362;28.41517258;0.73538481
GC1;18.11.2016;n1-m-a2-l4;-0.907028572;398.1896185;0.76312232;0.762525086
GC1;18.11.2016;n3-m-a2-l5;22.57735302;326.7708603;1301.885864;0.336357565
GC1;18.11.2016;n3-m-a2-l5;20.62002779;312.9405142;998.1450806;0.412281766
GC1;18.11.2016;n3-m-a2-l5;16.07129927;319.601443;500.7003479;0.556020445
GC1;18.11.2016;n3-m-a2-l5;7.972749541;353.5909109;200.6805878;0.658726823
GC1;18.11.2016;n3-m-a2-l5;3.903040908;371.2136676;124.4017181;0.694578563
GC1;18.11.2016;n3-m-a2-l5;4.058975206;363.0903714;98.73377228;0.711126737
GC1;18.11.2016;n3-m-a2-l5;2.721451662;372.0061814;80.67571259;0.72191844
GC1;18.11.2016;n3-m-a2-l5;0.666475231;388.269061;58.94530106;0.732372876
GC1;18.11.2016;n3-m-a2-l5;0.588246631;386.6337418;40.80505371;0.739254024
GC1;18.11.2016;n3-m-a2-l5;-0.276652052;394.3252072;31.29120255;0.743776973
GC1;18.11.2016;n3-m-a2-l5;-2.031311509;406.1405398;0.593706608;0.776611158
GC1;18.11.2016;n2-m-a2-l5;19.99937342;309.4589657;1299.290039;0.268059417
GC1;18.11.2016;n2-m-a2-l5;19.22386068;310.2995438;999.4065552;0.34140521
GC1;18.11.2016;n2-m-a2-l5;16.47150396;314.0784533;500.9476929;0.525093289
GC1;18.11.2016;n2-m-a2-l5;9.966434519;326.7772817;201.0564423;0.653411299
GC1;18.11.2016;n2-m-a2-l5;5.792047868;359.9018909;124.635849;0.692249753
GC1;18.11.2016;n2-m-a2-l5;4.940277478;354.35361;98.97475433;0.708319643
GC1;18.11.2016;n2-m-a2-l5;3.084177318;372.9679032;80.87522125;0.721085528
GC1;18.11.2016;n2-m-a2-l5;2.432659241;370.992837;59.1607399;0.732711849
GC1;18.11.2016;n2-m-a2-l5;0.681875946;387.8283111;40.98272324;0.740032382
GC1;18.11.2016;n2-m-a2-l5;0.681718997;387.8388051;28.16998482;0.746781889
GC1;18.11.2016;n2-m-a2-l5;-1.573855969;404.5441294;0.629478931;0.777294579
GC1;18.11.2016;n2-l-a2-l6;17.66729403;343.5511019;1298.169556;0.21249164
GC1;18.11.2016;n2-l-a2-l6;16.66767049;335.3876302;999.0373535;0.272085338
GC1;18.11.2016;n2-l-a2-l6;14.93357432;336.1321378;501.0007935;0.44675106
GC1;18.11.2016;n2-l-a2-l6;8.379723998;351.3414308;200.9650421;0.622969503
GC1;18.11.2016;n2-l-a2-l6;5.926419459;356.4113353;124.678093;0.670141625
GC1;18.11.2016;n2-l-a2-l6;4.21749022;373.0809945;98.93891907;0.695783322
GC1;18.11.2016;n2-l-a2-l6;4.375352989;365.0856717;80.9464035;0.710263491
GC1;18.11.2016;n2-l-a2-l6;3.023283919;373.9848326;59.24525452;0.725942007
GC1;18.11.2016;n2-l-a2-l6;1.209202326;387.2674802;40.98329544;0.736491583
GC1;18.11.2016;n2-l-a2-l6;1.120730592;387.5331911;28.19898605;0.742731553
GC1;18.11.2016;n2-l-a2-l6;-1.671039516;401.5683391;0.552108228;0.771798353
GC1;18.11.2016;n1-l-a2-l10;16.00040157;340.0731894;1298.40625;0.196338608
GC1;18.11.2016;n1-l-a2-l10;15.21062586;326.2525725;998.8964233;0.261269127
GC1;18.11.2016;n1-l-a2-l10;13.99226443;325.4215753;501.0872498;0.437779256
GC1;18.11.2016;n1-l-a2-l10;8.272898696;343.7736129;200.9921265;0.622899941
GC1;18.11.2016;n1-l-a2-l10;5.992088495;350.6272676;124.7490997;0.671253123
GC1;18.11.2016;n1-l-a2-l10;4.339926905;360.7562337;99.05286407;0.696188721
GC1;18.11.2016;n1-l-a2-l10;2.949810864;375.6422707;80.96800232;0.710797028
GC1;18.11.2016;n1-l-a2-l10;2.090890766;380.0121513;59.21214676;0.724718231
GC1;18.11.2016;n1-l-a2-l10;1.129426485;381.8384705;41.06145859;0.733643956
GC1;18.11.2016;n1-l-a2-l10;0.484956995;389.6626006;28.27781105;0.738360419
GC1;18.11.2016;n1-l-a2-l10;-0.202497357;392.6004008;0.526488721;0.766893663
GC1;18.11.2016;n3-l-a2-l4;12.0089757;323.1609969;1301.64209;0.179677925
GC1;18.11.2016;n3-l-a2-l4;11.72504533;317.1081171;998.8093872;0.238124401
GC1;18.11.2016;n3-l-a2-l4;10.96848432;322.3370363;500.7937622;0.411599081
GC1;18.11.2016;n3-l-a2-l4;8.069187903;313.7531875;200.7284851;0.606557331
GC1;18.11.2016;n3-l-a2-l4;4.793717543;361.3087848;124.4713364;0.647190951
GC1;18.11.2016;n3-l-a2-l4;3.848248019;366.282174;98.77748108;0.673622234
GC1;18.11.2016;n3-l-a2-l4;2.979221144;372.3739912;80.76194763;0.691909743
GC1;18.11.2016;n3-l-a2-l4;1.845905614;380.4975562;58.98986435;0.711422951
GC1;18.11.2016;n3-l-a2-l4;1.167902914;385.2804256;40.84053421;0.724361881
GC1;18.11.2016;n3-l-a2-l4;-0.286771423;395.7860003;31.25289917;0.733125852
GC1;18.11.2016;n3-l-a2-l4;-1.307827267;405.6117084;0.50030911;0.773246762
GC1;18.11.2016;n1-h-a2-l5;19.80546999;303.5348557;1299.764526;0.277724704
GC1;18.11.2016;n1-h-a2-l5;18.97936742;294.2916031;998.6677856;0.359143199
GC1;18.11.2016;n1-h-a2-l5;12.58836655;272.5322262;499.3195801;0.494847355
GC1;18.11.2016;n1-h-a2-l5;8.956119181;332.2927248;202.0040588;0.677867609
GC1;18.11.2016;n1-h-a2-l5;5.719973216;354.2226456;125.3877411;0.71756206
GC1;18.11.2016;n1-h-a2-l5;3.793356591;362.5397839;99.54328918;0.724821356
GC1;18.11.2016;n1-h-a2-l5;3.875205535;356.2629651;81.4839859;0.730204044
GC1;18.11.2016;n1-h-a2-l5;2.369424758;367.913536;59.63934326;0.737565007
GC1;18.11.2016;n1-h-a2-l5;1.075714221;379.0963806;41.29504013;0.742821472
GC1;18.11.2016;n1-h-a2-l5;0.350657434;388.2715017;28.49076271;0.745912168
GC1;18.11.2016;n1-h-a2-l5;-0.406862368;394.2323514;0.678567469;0.77162388
GC1;18.11.2016;n3-h-a2-l5;20.11122258;263.6192683;1300.140869;0.344884553
GC1;18.11.2016;n3-h-a2-l5;17.38904537;267.7013229;998.741394;0.417864061
GC1;18.11.2016;n3-h-a2-l5;15.08322553;279.2389594;501.0621948;0.566572746
GC1;18.11.2016;n3-h-a2-l5;8.958384301;297.1733083;200.7700348;0.671093814
GC1;18.11.2016;n3-h-a2-l5;5.106808439;344.7496485;124.3441696;0.707500872
GC1;18.11.2016;n3-h-a2-l5;4.475383627;337.0162482;98.65127563;0.721695924
GC1;18.11.2016;n3-h-a2-l5;3.019227975;359.4304669;80.58258057;0.728989069
GC1;18.11.2016;n3-h-a2-l5;2.301692845;358.6106428;58.89559937;0.736971175
GC1;18.11.2016;n3-h-a2-l5;-0.199211223;392.6907658;40.68600082;0.743153435
GC1;18.11.2016;n3-h-a2-l5;0.11492086;389.2443192;31.24578094;0.74875631
GC1;18.11.2016;n3-h-a2-l5;-2.486679077;421.4974221;0.641896129;0.785368783
GC1;18.11.2016;n2-h-a2-l4;17.16769045;279.0029854;1301.842651;0.282543463
GC1;18.11.2016;n2-h-a2-l4;15.76692697;278.3537925;1001.562195;0.361442722
GC1;18.11.2016;n2-h-a2-l4;13.68116183;288.7439685;498.27771;0.52654718
GC1;18.11.2016;n2-h-a2-l4;8.1037381;321.1290527;201.7715149;0.655363362
GC1;18.11.2016;n2-h-a2-l4;5.250871919;341.5392673;125.1463318;0.701558559
GC1;18.11.2016;n2-h-a2-l4;3.978648757;347.9990304;99.37705231;0.719193405
GC1;18.11.2016;n2-h-a2-l4;3.244389298;355.3835083;81.39995575;0.730334394
GC1;18.11.2016;n2-h-a2-l4;1.682841046;371.3951273;59.55425262;0.742341999
GC1;18.11.2016;n2-h-a2-l4;0.970797628;380.4146393;41.3058548;0.751568331
GC1;18.11.2016;n2-h-a2-l4;-1.156234837;407.7968218;28.49850273;0.755844825
GC1;18.11.2016;n2-h-a2-l4;-3.151822763;439.1864609;0.661359072;0.788201757
GC1;22.11.2016;n1-m-a3-l8;21.99095119;346.8688598;1301.371704;0.268674512
GC1;22.11.2016;n1-m-a3-l8;19.60236672;299.4292519;999.741272;0.351645494
GC1;22.11.2016;n1-m-a3-l8;17.40968391;320.2646317;500.5462341;0.531191998
GC1;22.11.2016;n1-m-a3-l8;9.404667787;346.8009448;200.6029816;0.667806991
GC1;22.11.2016;n1-m-a3-l8;5.801553223;361.2764912;124.4018707;0.705229379
GC1;22.11.2016;n1-m-a3-l8;4.665406714;361.120989;98.68333435;0.719836047
GC1;22.11.2016;n1-m-a3-l8;3.805441582;365.7444827;80.61743164;0.730603392
GC1;22.11.2016;n1-m-a3-l8;2.368730684;373.3596258;58.86832809;0.737861088
GC1;22.11.2016;n1-m-a3-l8;1.481167514;379.8145633;40.72529984;0.743868222
GC1;22.11.2016;n1-m-a3-l8;1.252113301;380.2119961;31.28980255;0.748319824
GC1;22.11.2016;n1-m-a3-l8;-0.730002968;396.9958189;0.629682541;0.778014035
GC1;22.11.2016;n3-m-a3-l9;23.10769564;317.134749;1301.75708;0.309852736
GC1;22.11.2016;n3-m-a3-l9;22.054607;307.8754314;998.0578613;0.409086375
GC1;22.11.2016;n3-m-a3-l9;17.94379414;314.4201261;500.7135925;0.554917295
GC1;22.11.2016;n3-m-a3-l9;8.356740677;348.7543691;200.7055359;0.651494134
GC1;22.11.2016;n3-m-a3-l9;5.617092849;362.1969331;124.4531937;0.688502479
GC1;22.11.2016;n3-m-a3-l9;3.73307485;368.7233276;98.76986694;0.709376486
GC1;22.11.2016;n3-m-a3-l9;3.088807593;372.4960501;80.71858978;0.724213303
GC1;22.11.2016;n3-m-a3-l9;1.07748137;378.3205488;59.05005646;0.735598171
GC1;22.11.2016;n3-m-a3-l9;0.103784727;390.099645;40.78958893;0.746327169
GC1;22.11.2016;n3-m-a3-l9;0.345751811;388.4010972;28.07220459;0.753270264
GC1;22.11.2016;n3-m-a3-l9;-1.807934898;409.6184861;0.55499053;0.782285713
GC1;22.11.2016;n2-m-a3-l8;20.0457887;303.167287;1301.983154;0.31678783
GC1;22.11.2016;n2-m-a3-l8;18.74394715;252.8825529;998.1550903;0.399363745
GC1;22.11.2016;n2-m-a3-l8;15.0321732;283.4097959;500.3863525;0.572508383
GC1;22.11.2016;n2-m-a3-l8;9.15904005;299.1168301;200.7488098;0.684739195
GC1;22.11.2016;n2-m-a3-l8;4.959498602;347.5337407;124.4045105;0.710522844
GC1;22.11.2016;n2-m-a3-l8;4.53293326;335.1230001;98.75175476;0.721449124
GC1;22.11.2016;n2-m-a3-l8;3.058573322;358.8250527;80.72013092;0.729499629
GC1;22.11.2016;n2-m-a3-l8;2.441897364;354.7089917;59.05434418;0.735706384
GC1;22.11.2016;n2-m-a3-l8;0.556758204;386.0458405;40.85611725;0.742163498
GC1;22.11.2016;n2-m-a3-l8;1.254443034;375.5235175;31.37537575;0.746580067
GC1;22.11.2016;n2-m-a3-l8;-1.589019037;420.5638135;0.637362182;0.785751968
GC1;22.11.2016;n1-l-a3-l9;14.97360289;321.435308;1301.378418;0.206399159
GC1;22.11.2016;n1-l-a3-l9;14.20991039;296.8651847;998.0349121;0.263301728
GC1;22.11.2016;n1-l-a3-l9;12.7619199;295.6912515;500.6898499;0.437248724
GC1;22.11.2016;n1-l-a3-l9;8.38469707;320.9352637;200.9200745;0.602665453
GC1;22.11.2016;n1-l-a3-l9;5.51099114;342.5172665;124.6755829;0.643530246
GC1;22.11.2016;n1-l-a3-l9;4.169030574;352.774019;98.95820618;0.663676376
GC1;22.11.2016;n1-l-a3-l9;3.731377873;355.2524927;80.51877594;0.682614549
GC1;22.11.2016;n1-l-a3-l9;1.868146926;372.3193773;58.7692337;0.701597768
GC1;22.11.2016;n1-l-a3-l9;0.848275266;382.1928203;40.68138885;0.715541156
GC1;22.11.2016;n1-l-a3-l9;0.743519835;383.0813511;31.17514038;0.724378954
GC1;22.11.2016;n1-l-a3-l9;-0.991535172;401.5508546;0.487580001;0.767004609
GC1;22.11.2016;n3-l-a3-l7;13.55657201;277.7737262;1301.984619;0.209567523
GC1;22.11.2016;n3-l-a3-l7;13.740428;274.5054344;999.6794434;0.259349295
GC1;22.11.2016;n3-l-a3-l7;11.99506681;280.1564522;500.6743774;0.434199421
GC1;22.11.2016;n3-l-a3-l7;9.148540754;315.6675373;200.770462;0.613635094
GC1;22.11.2016;n3-l-a3-l7;5.689763951;336.6890871;124.5132141;0.661504213
GC1;22.11.2016;n3-l-a3-l7;4.823390511;343.6310275;98.82161713;0.687400228
GC1;22.11.2016;n3-l-a3-l7;3.877453428;351.7039246;80.74622345;0.706621013
GC1;22.11.2016;n3-l-a3-l7;2.685752743;363.3637073;59.00905991;0.72302716
GC1;22.11.2016;n3-l-a3-l7;1.691222789;373.7314879;40.84130096;0.735461232
GC1;22.11.2016;n3-l-a3-l7;1.125300413;379.4582083;28.14510918;0.743833572
GC1;22.11.2016;n3-l-a3-l7;-0.879794309;403.5490306;0.502205431;0.780881367
GC1;22.11.2016;n2-l-a3-l6;16.94405572;285.853944;1301.419434;0.249809025
GC1;22.11.2016;n2-l-a3-l6;17.334719;293.2349684;1000.480408;0.312154544
GC1;22.11.2016;n2-l-a3-l6;13.97613112;309.1847389;500.3269653;0.491788463
GC1;22.11.2016;n2-l-a3-l6;9.311672217;325.0038977;200.6377869;0.635445627
GC1;22.11.2016;n2-l-a3-l6;6.083501556;344.9256705;124.4018173;0.677058419
GC1;22.11.2016;n2-l-a3-l6;4.249373534;357.1807847;98.70230865;0.700673365
GC1;22.11.2016;n2-l-a3-l6;3.26847369;363.8959096;80.72776794;0.716156728
GC1;22.11.2016;n2-l-a3-l6;1.843574144;370.9488936;58.87869644;0.730544529
GC1;22.11.2016;n2-l-a3-l6;1.103875489;384.5006584;40.83276367;0.741515134
GC1;22.11.2016;n2-l-a3-l6;0.653627441;388.252567;28.07841301;0.748375272
GC1;22.11.2016;n2-l-a3-l6;-1.605081054;409.8129886;0.530061483;0.774989451
GC1;22.11.2016;n1-h-a3-l10;21.55008834;273.8211545;1299.791748;0.297742101
GC1;22.11.2016;n1-h-a3-l10;18.31371982;281.8192473;999.440979;0.386532937
GC1;22.11.2016;n1-h-a3-l10;15.83855762;248.7069085;500.9512024;0.554732499
GC1;22.11.2016;n1-h-a3-l10;7.582778063;328.8527731;200.7855072;0.668357315
GC1;22.11.2016;n1-h-a3-l10;5.51628213;336.0248611;124.5392761;0.705292185
GC1;22.11.2016;n1-h-a3-l10;3.873296262;342.5121732;98.80940247;0.722147149
GC1;22.11.2016;n1-h-a3-l10;3.193577829;346.6661398;80.7355957;0.731833734
GC1;22.11.2016;n1-h-a3-l10;1.768129492;363.7717985;59.02559662;0.739925563
GC1;22.11.2016;n1-h-a3-l10;1.292669793;369.2583421;40.85757446;0.74667477
GC1;22.11.2016;n1-h-a3-l10;-0.43042148;397.4381264;31.36125565;0.750662116
GC1;22.11.2016;n1-h-a3-l10;-0.44558221;399.2963572;0.560269654;0.782766237
GC1;22.11.2016;n3-h-a3-l8;10.26599395;354.3277539;1302.121582;0.206232934
GC1;22.11.2016;n3-h-a3-l8;9.607980855;321.7404143;998.1738892;0.266061262
GC1;22.11.2016;n3-h-a3-l8;7.655624648;339.5428137;498.8735962;0.419792416
GC1;22.11.2016;n3-h-a3-l8;4.825512914;356.1967923;201.8895416;0.56362698
GC1;22.11.2016;n3-h-a3-l8;2.22595233;368.7611776;125.2147903;0.612219701
GC1;22.11.2016;n3-h-a3-l8;1.551034556;379.6567373;99.40467834;0.623462226
GC1;22.11.2016;n3-h-a3-l8;1.050106399;383.2708723;81.29719543;0.639217941
GC1;22.11.2016;n3-h-a3-l8;0.104657361;387.5458481;59.48389435;0.661053646
GC1;22.11.2016;n3-h-a3-l8;-1.165415764;400.9167324;41.00804901;0.680908063
GC1;22.11.2016;n3-h-a3-l8;-0.001808531;390.0577014;28.40723228;0.68831054
GC1;22.11.2016;n3-h-a3-l8;-1.711379524;406.6473176;0.630912542;0.75220441
GC1;22.11.2016;n2-h-a3-l10;18.36405737;317.8275157;1300.358521;0.287744288
GC1;22.11.2016;n2-h-a3-l10;16.81485871;252.407939;1000.178467;0.343288575
GC1;22.11.2016;n2-h-a3-l10;13.652109;284.1228723;501.7723999;0.488827647
GC1;22.11.2016;n2-h-a3-l10;8.946715317;302.7628037;201.324585;0.608961485
GC1;22.11.2016;n2-h-a3-l10;5.379207152;327.0457002;124.8557205;0.647405682
GC1;22.11.2016;n2-h-a3-l10;4.16168206;336.1008968;99.0321579;0.667473404
GC1;22.11.2016;n2-h-a3-l10;3.047736316;348.0364136;80.96195984;0.681187376
GC1;22.11.2016;n2-h-a3-l10;1.642937077;366.1376757;59.23137283;0.695684322
GC1;22.11.2016;n2-h-a3-l10;1.048900343;374.3789174;40.96203613;0.708103248
GC1;22.11.2016;n2-h-a3-l10;0.399391142;386.2428366;28.19604111;0.716255596
GC1;22.11.2016;n2-h-a3-l10;-2.32303539;430.3238681;0.58329463;0.76162074
GC1;25.11.2016;n2-m-a3-l6;18.10867941;327.7494479;1301.462158;0.237880924
GC1;25.11.2016;n2-m-a3-l6;17.09932557;300.6959303;1000.597595;0.316984765
GC1;25.11.2016;n2-m-a3-l6;15.40018587;309.7483338;499.5249329;0.499743126
GC1;25.11.2016;n2-m-a3-l6;8.832066606;338.7806086;200.0549011;0.649012046
GC1;25.11.2016;n2-m-a3-l6;4.812692613;357.1375396;123.8249054;0.691910484
GC1;25.11.2016;n2-m-a3-l6;2.415098056;373.1563385;101.887352;0.711303573
GC1;25.11.2016;n2-m-a3-l6;2.775545065;370.9595778;80.22666931;0.723226221
GC1;25.11.2016;n2-m-a3-l6;1.833265335;378.0427731;58.48195648;0.734501051
GC1;25.11.2016;n2-m-a3-l6;1.618503956;378.2011458;40.43204117;0.741931479
GC1;25.11.2016;n2-m-a3-l6;1.445403645;378.0722716;30.46796989;0.745575532
GC1;25.11.2016;n2-m-a3-l6;-1.828306765;409.4470544;0.433589101;0.775474256
GC1;25.11.2016;n3-m-a3-l8;20.17663536;317.8104819;1301.905396;0.269046435
GC1;25.11.2016;n3-m-a3-l8;19.71047106;314.5591474;1000.972839;0.352323677
GC1;25.11.2016;n3-m-a3-l8;16.88044712;298.6013959;500.0350952;0.521457007
GC1;25.11.2016;n3-m-a3-l8;9.26651907;347.2725929;200.6559448;0.645319543
GC1;25.11.2016;n3-m-a3-l8;6.119968398;360.9187612;124.5407791;0.685731586
GC1;25.11.2016;n3-m-a3-l8;3.741296078;369.8114049;98.87627411;0.706632991
GC1;25.11.2016;n3-m-a3-l8;4.063094869;363.0630742;80.97808075;0.720330918
GC1;25.11.2016;n3-m-a3-l8;2.497093917;373.0869755;59.39865112;0.734096827
GC1;25.11.2016;n3-m-a3-l8;0.827411091;387.8002578;41.04824829;0.742975837
GC1;25.11.2016;n3-m-a3-l8;1.131046302;386.1954988;31.10233688;0.749517865
GC1;25.11.2016;n3-m-a3-l8;-1.541727205;403.3634605;0.491950303;0.780244805
GC1;25.11.2016;n1-m-a3-l7;12.82499016;352.8420943;1298.091797;0.155766062
GC1;25.11.2016;n1-m-a3-l7;11.58085648;340.5652761;1001.412354;0.20069409
GC1;25.11.2016;n1-m-a3-l7;10.69372993;338.1911724;500.1679077;0.354618789
GC1;25.11.2016;n1-m-a3-l7;7.339343727;348.395688;200.7145081;0.588600648
GC1;25.11.2016;n1-m-a3-l7;5.54000425;347.4966272;124.5771103;0.665170581
GC1;25.11.2016;n1-m-a3-l7;3.872783408;365.8207699;98.90494537;0.692342471
GC1;25.11.2016;n1-m-a3-l7;4.120289404;362.0361963;80.96815491;0.706927839
GC1;25.11.2016;n1-m-a3-l7;2.135664835;371.885802;59.33740234;0.720495157
GC1;25.11.2016;n1-m-a3-l7;1.218745705;380.9022416;40.97851563;0.729046227
GC1;25.11.2016;n1-m-a3-l7;1.962567896;369.5704367;31.12955093;0.733588109
GC1;25.11.2016;n1-m-a3-l7;-1.23013609;403.9373879;0.525277197;0.761792173
GC1;25.11.2016;n1-l-a3-l8;19.16341568;327.6821139;1299.65271;0.261479319
GC1;25.11.2016;n1-l-a3-l8;17.10032777;300.2961792;1001.445007;0.326167129
GC1;25.11.2016;n1-l-a3-l8;12.62901945;332.2455399;499.9937439;0.504819798
GC1;25.11.2016;n1-l-a3-l8;7.928696804;318.396197;200.7488556;0.677911558
GC1;25.11.2016;n1-l-a3-l8;5.771775405;347.0058123;124.638176;0.682909704
GC1;25.11.2016;n1-l-a3-l8;4.52405947;344.1571832;98.81854248;0.70922176
GC1;25.11.2016;n1-l-a3-l8;3.644470984;360.6555783;80.92939758;0.717486191
GC1;25.11.2016;n1-l-a3-l8;2.971194382;370.4416126;59.3210144;0.732642261
GC1;25.11.2016;n1-l-a3-l8;1.794494167;379.7945675;41.14004898;0.742080715
GC1;25.11.2016;n1-l-a3-l8;1.728624761;378.8096957;31.13652992;0.74704042
GC1;25.11.2016;n1-l-a3-l8;-1.300349732;401.3719924;0.471832335;0.774543775
GC1;25.11.2016;n2-l-a3-l5;14.1214507;298.4029242;1298.849487;0.213385329
GC1;25.11.2016;n2-l-a3-l5;13.72085456;282.6847184;1001.458801;0.268013071
GC1;25.11.2016;n2-l-a3-l5;12.28877322;301.0052047;500.1145325;0.44665556
GC1;25.11.2016;n2-l-a3-l5;8.275727853;326.9965412;200.7535095;0.623492075
GC1;25.11.2016;n2-l-a3-l5;4.873826994;348.0634553;124.6331711;0.674078706
GC1;25.11.2016;n2-l-a3-l5;3.986366458;351.273982;98.90423584;0.704122273
GC1;25.11.2016;n2-l-a3-l5;3.163084419;359.9472479;81.03844452;0.712789293
GC1;25.11.2016;n2-l-a3-l5;1.887005775;374.4734686;59.19536209;0.728450862
GC1;25.11.2016;n2-l-a3-l5;1.914116388;370.2137103;41.11107635;0.738608928
GC1;25.11.2016;n2-l-a3-l5;1.151787656;381.2820097;31.12928963;0.743828263
GC1;25.11.2016;n2-l-a3-l5;-0.959380316;403.3534334;0.431364328;0.778009997
GC1;25.11.2016;n3-l-a3-l6;11.41534101;319.4678255;1299.101074;0.154408685
GC1;25.11.2016;n3-l-a3-l6;11.12225102;327.6715366;1002.008362;0.199209676
GC1;25.11.2016;n3-l-a3-l6;10.50762896;304.83467;500.6953125;0.339797806
GC1;25.11.2016;n3-l-a3-l6;7.050589251;340.655222;200.9494324;0.556386653
GC1;25.11.2016;n3-l-a3-l6;5.165693507;351.8371162;124.8221664;0.621418704
GC1;25.11.2016;n3-l-a3-l6;3.585159911;359.95757;99.1414032;0.648325846
GC1;25.11.2016;n3-l-a3-l6;3.553335293;353.6709774;81.18378448;0.66832418
GC1;25.11.2016;n3-l-a3-l6;1.454331913;379.8926101;59.55671692;0.688329226
GC1;25.11.2016;n3-l-a3-l6;2.144520234;370.8713293;41.27063751;0.696978047
GC1;25.11.2016;n3-l-a3-l6;1.457613165;374.3923451;31.2843132;0.71235223
GC1;25.11.2016;n3-l-a3-l6;-0.534545662;398.4746391;0.505335391;0.766808278
GC1;25.11.2016;n2-h-a3-l9;13.06733552;279.7655541;1301.245361;0.245628019
GC1;25.11.2016;n2-h-a3-l9;12.74333342;274.2113437;999.5916138;0.313170229
GC1;25.11.2016;n2-h-a3-l9;12.09060023;262.325459;501.5056458;0.484301029
GC1;25.11.2016;n2-h-a3-l9;4.709403022;347.9216646;201.221817;0.60941438
GC1;25.11.2016;n2-h-a3-l9;2.819586182;365.6305356;124.848053;0.632228482
GC1;25.11.2016;n2-h-a3-l9;1.352076119;378.7945583;99.10910797;0.642689682
GC1;25.11.2016;n2-h-a3-l9;1.629287911;376.8036824;81.15339661;0.649326419
GC1;25.11.2016;n2-h-a3-l9;-0.123295639;392.0063499;59.52553177;0.653476343
GC1;25.11.2016;n2-h-a3-l9;-0.969469355;402.3289243;41.1781311;0.65762676
GC1;25.11.2016;n2-h-a3-l9;-1.346372649;406.9526772;31.26841545;0.661939429
GC1;25.11.2016;n2-h-a3-l9;-2.663128219;423.4643318;0.506802261;0.704485018
GC1;25.11.2016;n3-h-a3-l6;17.32794735;289.6427435;1300.171753;0.291332976
GC1;25.11.2016;n3-h-a3-l6;14.32618799;268.0306667;1001.04425;0.36498279
GC1;25.11.2016;n3-h-a3-l6;12.50686309;290.5782277;498.7176819;0.517043148
GC1;25.11.2016;n3-h-a3-l6;5.017904062;331.782824;198.1168976;0.631602007
GC1;25.11.2016;n3-h-a3-l6;2.849912136;359.7316014;125.498909;0.667173905
GC1;25.11.2016;n3-h-a3-l6;1.850647572;373.7834099;99.76023865;0.670249558
GC1;25.11.2016;n3-h-a3-l6;1.447130505;374.670667;81.7210083;0.678271758
GC1;25.11.2016;n3-h-a3-l6;-0.06120574;390.2061168;59.9740715;0.686862474
GC1;25.11.2016;n3-h-a3-l6;-1.020923128;400.9597961;41.54934311;0.695471228
GC1;25.11.2016;n3-h-a3-l6;-0.779699012;399.0538538;28.35066605;0.699892904
GC1;25.11.2016;n3-h-a3-l6;-2.919841197;424.1984114;0.597511172;0.744252277
GC1;25.11.2016;n1-h-a3-l9;17.31192105;284.7128864;1298.181519;0.2979116
GC1;25.11.2016;n1-h-a3-l9;14.40087104;268.1835657;1000.280029;0.362441872
GC1;25.11.2016;n1-h-a3-l9;12.37086204;287.9387072;501.863739;0.512584734
GC1;25.11.2016;n1-h-a3-l9;7.611025622;317.2309459;201.5807495;0.640204176
GC1;25.11.2016;n1-h-a3-l9;4.424628741;337.0400747;125.1044464;0.681620707
GC1;25.11.2016;n1-h-a3-l9;2.173076288;362.6621898;99.26274109;0.682863295
GC1;25.11.2016;n1-h-a3-l9;2.265978253;358.6038844;81.32855225;0.691001879
GC1;25.11.2016;n1-h-a3-l9;0.077873753;390.47189;59.57103729;0.697590681
GC1;25.11.2016;n1-h-a3-l9;1.375018211;369.0632737;41.36110687;0.704057268
GC1;25.11.2016;n1-h-a3-l9;0.167371908;389.5287335;31.41003227;0.707896058
GC1;25.11.2016;n1-h-a3-l9;-2.780714987;443.4518381;0.510293663;0.733405797
GC1;29.11.2016;n1-m-a3-l6;13.21346653;330.7216029;1300.235962;0.188272689
GC1;29.11.2016;n1-m-a3-l6;11.92086407;316.0028485;998.9749146;0.244484115
GC1;29.11.2016;n1-m-a3-l6;11.10169329;311.750535;499.8097839;0.415322336
GC1;29.11.2016;n1-m-a3-l6;6.990646045;330.3114067;199.9522858;0.617853759
GC1;29.11.2016;n1-m-a3-l6;4.909248594;346.5409843;123.7214508;0.672095946
GC1;29.11.2016;n1-m-a3-l6;3.359890147;328.1501123;101.8010635;0.677803567
GC1;29.11.2016;n1-m-a3-l6;3.390918515;352.8731155;80.00748444;0.700106803
GC1;29.11.2016;n1-m-a3-l6;2.431596108;356.8474931;58.1480751;0.71031552
GC1;29.11.2016;n1-m-a3-l6;1.191718968;375.9153833;40.25632858;0.714554257
GC1;29.11.2016;n1-m-a3-l6;0.183437421;388.8127815;31.00331116;0.718806669
GC1;29.11.2016;n1-m-a3-l6;-1.039549787;410.3126602;0.5257442;0.747784735
GC1;29.11.2016;n3-m-a3-l7;18.79957299;328.2490028;1298.830811;0.312532629
GC1;29.11.2016;n3-m-a3-l7;18.94018323;289.3579665;1000.277039;0.378418914
GC1;29.11.2016;n3-m-a3-l7;14.91577923;290.8346211;500.4494324;0.541958568
GC1;29.11.2016;n3-m-a3-l7;8.442891295;327.3656352;200.4297485;0.656291156
GC1;29.11.2016;n3-m-a3-l7;5.018041629;350.4651629;124.0952148;0.694749959
GC1;29.11.2016;n3-m-a3-l7;3.605134209;360.3179253;98.41934204;0.709489885
GC1;29.11.2016;n3-m-a3-l7;2.603281147;366.9662816;80.39084625;0.719988
GC1;29.11.2016;n3-m-a3-l7;1.214340268;380.5884065;58.61096573;0.729359106
GC1;29.11.2016;n3-m-a3-l7;-0.157915726;394.0913794;40.51723099;0.737178202
GC1;29.11.2016;n3-m-a3-l7;-0.642353665;399.4031633;31.26681519;0.740861245
GC1;29.11.2016;n3-m-a3-l7;-3.034248993;424.7116618;0.566345453;0.769271687
GC1;29.11.2016;n2-m-a3-l4;14.8969445;326.978632;1299.888184;0.221960381
GC1;29.11.2016;n2-m-a3-l4;13.21235709;288.356844;999.1776123;0.29140327
GC1;29.11.2016;n2-m-a3-l4;11.8278308;298.7836058;499.806488;0.474742705
GC1;29.11.2016;n2-m-a3-l4;6.460331111;344.6843868;200.0800171;0.650411857
GC1;29.11.2016;n2-m-a3-l4;4.649420658;352.6038369;124.043396;0.690821758
GC1;29.11.2016;n2-m-a3-l4;3.175937747;362.1196303;98.37111664;0.708844445
GC1;29.11.2016;n2-m-a3-l4;2.194217948;369.1466816;80.35858154;0.720866621
GC1;29.11.2016;n2-m-a3-l4;1.116241695;379.9334944;58.57620239;0.731212728
GC1;29.11.2016;n2-m-a3-l4;0.674478717;384.9887183;40.59193802;0.73766207
GC1;29.11.2016;n2-m-a3-l4;-0.069368985;393.280065;27.99352264;0.742679806
GC1;29.11.2016;n2-m-a3-l4;-1.363058488;410.4578106;0.542538941;0.775485021
GC1;29.11.2016;n1-l-a3-l7;16.17777916;328.9535654;1298.50708;0.213580972
GC1;29.11.2016;n1-l-a3-l7;13.97698359;317.2651062;999.5721436;0.268160626
GC1;29.11.2016;n1-l-a3-l7;12.26350634;331.166594;499.1394043;0.444187109
GC1;29.11.2016;n1-l-a3-l7;7.062358578;351.6664079;199.6019897;0.622231113
GC1;29.11.2016;n1-l-a3-l7;5.568800769;348.2449732;124.2934341;0.695284205
GC1;29.11.2016;n1-l-a3-l7;4.067907777;349.7455841;100.8592987;0.70040839
GC1;29.11.2016;n1-l-a3-l7;4.178226771;367.4463991;79.10587311;0.712552359
GC1;29.11.2016;n1-l-a3-l7;3.115360014;370.4167425;60.90076065;0.726441184
GC1;29.11.2016;n1-l-a3-l7;1.020981517;382.8943238;39.41041565;0.739832699
GC1;29.11.2016;n1-l-a3-l7;1.517069897;380.0088984;29.99587631;0.745592077
GC1;29.11.2016;n1-l-a3-l7;-2.131458138;410.2172657;0.266671836;0.779280058
GC1;29.11.2016;n3-l-a3-l5;8.097952779;342.3509353;1301.498901;0.122085971
GC1;29.11.2016;n3-l-a3-l5;8.093584605;315.0343806;1000.33606;0.17248928
GC1;29.11.2016;n3-l-a3-l5;7.224556225;331.4520918;500.2404175;0.308145576
GC1;29.11.2016;n3-l-a3-l5;5.920923171;336.4237142;200.1676483;0.549030498
GC1;29.11.2016;n3-l-a3-l5;4.81058524;341.7356595;123.8629379;0.641116632
GC1;29.11.2016;n3-l-a3-l5;4.13978785;340.2785396;101.8690872;0.653710432
GC1;29.11.2016;n3-l-a3-l5;1.865014993;376.8344461;80.0472641;0.673919144
GC1;29.11.2016;n3-l-a3-l5;2.682449352;363.6376597;58.29282379;0.686961824
GC1;29.11.2016;n3-l-a3-l5;1.374570174;378.6395639;40.22548676;0.700606177
GC1;29.11.2016;n3-l-a3-l5;0.758957452;386.6842423;30.79968262;0.70688324
GC1;29.11.2016;n3-l-a3-l5;-1.487427614;411.6777725;0.31221801;0.760809937
GC1;29.11.2016;n2-l-a3-l4;11.83502908;342.0435126;1297.975586;0.159194549
GC1;29.11.2016;n2-l-a3-l4;11.33461508;345.5906929;1000.636353;0.207326011
GC1;29.11.2016;n2-l-a3-l4;10.44444885;345.8038404;500.7333984;0.360946477
GC1;29.11.2016;n2-l-a3-l4;6.145843282;356.7454184;200.5774536;0.580830628
GC1;29.11.2016;n2-l-a3-l4;4.755716841;359.3832543;124.2924118;0.646761624
GC1;29.11.2016;n2-l-a3-l4;2.996991593;376.0402359;98.58672333;0.675096954
GC1;29.11.2016;n2-l-a3-l4;3.450912143;372.3535524;80.51765442;0.693884223
GC1;29.11.2016;n2-l-a3-l4;2.308272345;377.4905737;58.7698822;0.71120083
GC1;29.11.2016;n2-l-a3-l4;0.871701205;386.168389;40.63013077;0.725453488
GC1;29.11.2016;n2-l-a3-l4;1.378676985;383.6763457;31.37913895;0.728922202
GC1;29.11.2016;n2-l-a3-l4;-1.885428923;406.1940333;0.480935365;0.764495437
GC1;29.11.2016;n1-h-a3-l8;12.28090569;261.4379223;1301.366943;0.265745107
GC1;29.11.2016;n1-h-a3-l8;11.62351571;276.8280284;999.1290894;0.33053623
GC1;29.11.2016;n1-h-a3-l8;8.926403386;304.7803116;500.256134;0.504309514
GC1;29.11.2016;n1-h-a3-l8;6.130503851;326.8743807;201.2620087;0.654097927
GC1;29.11.2016;n1-h-a3-l8;2.594234943;356.7468056;124.6959763;0.688681918
GC1;29.11.2016;n1-h-a3-l8;2.385113733;364.9998397;98.99570465;0.697311214
GC1;29.11.2016;n1-h-a3-l8;0.906261561;378.3259904;80.79842377;0.704536387
GC1;29.11.2016;n1-h-a3-l8;0.353075321;388.2786271;59.12181854;0.710409563
GC1;29.11.2016;n1-h-a3-l8;0.174316217;388.0978718;40.95775986;0.716453791
GC1;29.11.2016;n1-h-a3-l8;-0.997797729;404.9967575;28.40812874;0.721826853
GC1;29.11.2016;n1-h-a3-l8;-2.170611118;424.6659716;0.593724728;0.749000899
GC1;29.11.2016;n3-h-a3-l5;9.960106565;299.296678;1301.04895;0.198734602
GC1;29.11.2016;n3-h-a3-l5;8.2663668;294.7636077;1001.914795;0.256064621
GC1;29.11.2016;n3-h-a3-l5;7.873914697;306.781135;499.7601318;0.415220983
GC1;29.11.2016;n3-h-a3-l5;4.137651937;331.4395222;201.8892975;0.596194762
GC1;29.11.2016;n3-h-a3-l5;2.531063723;359.3941686;125.220192;0.658784324
GC1;29.11.2016;n3-h-a3-l5;2.162905217;368.9955182;99.31664276;0.671299755
GC1;29.11.2016;n3-h-a3-l5;1.07718389;375.7225092;81.34964752;0.681425055
GC1;29.11.2016;n3-h-a3-l5;0.132038531;391.9855314;59.35933304;0.692720365
GC1;29.11.2016;n3-h-a3-l5;0.391854996;389.102588;41.14212036;0.702107353
GC1;29.11.2016;n3-h-a3-l5;-0.335112451;398.0429142;28.61650085;0.706666416
GC1;29.11.2016;n3-h-a3-l5;-1.574905481;419.9164887;0.558705747;0.739492947
GC1;29.11.2016;n2-h-a3-l6;19.97198174;318.8037751;1301.866577;0.297265017
GC1;29.11.2016;n2-h-a3-l6;16.78543882;299.1554298;1000.129395;0.36186444
GC1;29.11.2016;n2-h-a3-l6;13.63589005;301.6161177;500.022583;0.51612727
GC1;29.11.2016;n2-h-a3-l6;8.65437523;315.4673142;200.0519257;0.645474565
GC1;29.11.2016;n2-h-a3-l6;4.6958941;357.525335;123.690773;0.690206864
GC1;29.11.2016;n2-h-a3-l6;5.049584176;341.9694132;101.7463989;0.707487771
GC1;29.11.2016;n2-h-a3-l6;3.64070131;354.04906;80.00485229;0.72154016
GC1;29.11.2016;n2-h-a3-l6;1.913443091;375.8457191;58.12009048;0.735252901
GC1;29.11.2016;n2-h-a3-l6;1.108406462;382.6312781;40.10468292;0.748255572
GC1;29.11.2016;n2-h-a3-l6;0.475342462;386.7573939;30.82231522;0.751012127
GC1;29.11.2016;n2-h-a3-l6;-0.522511252;397.6333743;0.449923456;0.79482024
GC1;02.12.2016;n1-m-a4-l10;15.97313693;298.5267554;1299.978638;0.292161439
GC1;02.12.2016;n1-m-a4-l10;15.02638487;282.2511621;998.7994995;0.298046217
GC1;02.12.2016;n1-m-a4-l10;14.33526479;238.7151282;500.0665894;0.476181043
GC1;02.12.2016;n1-m-a4-l10;7.217745346;324.6989459;200.3990479;0.647040758
GC1;02.12.2016;n1-m-a4-l10;4.925344047;344.742357;124.1621552;0.689527187
GC1;02.12.2016;n1-m-a4-l10;3.466889208;357.5268907;98.4083252;0.705637419
GC1;02.12.2016;n1-m-a4-l10;4.131363494;337.5632043;80.42057037;0.71556515
GC1;02.12.2016;n1-m-a4-l10;2.151980145;368.7363065;58.62770081;0.723813634
GC1;02.12.2016;n1-m-a4-l10;0.428093377;389.5425168;40.18479919;0.728812602
GC1;02.12.2016;n1-m-a4-l10;-1.291893836;412.8655197;30.61175346;0.702852064
GC1;02.12.2016;n1-m-a4-l10;-2.990623144;442.386962;0.432066113;0.769896302
GC1;02.12.2016;n3-m-a4-l9;19.77170606;347.5733864;1301.561646;0.322670468
GC1;02.12.2016;n3-m-a4-l9;19.04794781;309.6526335;1001.84198;0.383052767
GC1;02.12.2016;n3-m-a4-l9;15.43739159;321.2693124;498.8659668;0.546947686
GC1;02.12.2016;n3-m-a4-l9;7.809147464;350.5072568;199.666153;0.651907886
GC1;02.12.2016;n3-m-a4-l9;4.57470631;365.7037482;123.5495148;0.690270036
GC1;02.12.2016;n3-m-a4-l9;2.990180438;372.1168916;101.6328049;0.708374878
GC1;02.12.2016;n3-m-a4-l9;2.16493127;378.805797;79.88652802;0.719940162
GC1;02.12.2016;n3-m-a4-l9;1.823029083;380.7526117;58.15766907;0.7324069
GC1;02.12.2016;n3-m-a4-l9;0.041778013;391.1279146;40.14496613;0.740082653
GC1;02.12.2016;n3-m-a4-l9;-0.203632551;393.424169;30.61387062;0.744213595
GC1;02.12.2016;n3-m-a4-l9;-2.690971941;414.4477591;0.388556808;0.773188155
GC1;02.12.2016;n2-m-a4-l10;15.87628471;307.2663392;1300.220825;0.246899147
GC1;02.12.2016;n2-m-a4-l10;15.49115794;307.9993193;999.4186401;0.312966201
GC1;02.12.2016;n2-m-a4-l10;13.11533517;302.2916539;500.0675964;0.496993761
GC1;02.12.2016;n2-m-a4-l10;7.908220657;331.3065004;200.3310547;0.65887252
GC1;02.12.2016;n2-m-a4-l10;4.717469461;353.4496815;124.0293579;0.697299899
GC1;02.12.2016;n2-m-a4-l10;3.534247458;357.8289669;98.43663788;0.708733577
GC1;02.12.2016;n2-m-a4-l10;2.546050546;374.3772603;80.44514465;0.717149812
GC1;02.12.2016;n2-m-a4-l10;1.323551831;383.1046284;58.73003769;0.723438872
GC1;02.12.2016;n2-m-a4-l10;0.466747982;391.0347497;40.57506943;0.729790863
GC1;02.12.2016;n2-m-a4-l10;0.043271066;394.5194508;31.16852951;0.734024965
GC1;02.12.2016;n2-m-a4-l10;-1.690056452;410.9025646;0.433821052;0.76716075
GC1;02.12.2016;n1-l-a4-l9;12.50889287;328.6249884;1298.471436;0.157197834
GC1;02.12.2016;n1-l-a4-l9;12.51155875;330.5307975;1001.305908;0.203662614
GC1;02.12.2016;n1-l-a4-l9;10.32100523;334.3908084;499.3757019;0.357611014
GC1;02.12.2016;n1-l-a4-l9;7.856088873;329.6649275;200.070816;0.565369551
GC1;02.12.2016;n1-l-a4-l9;4.549065222;361.4327861;123.8740082;0.629708962
GC1;02.12.2016;n1-l-a4-l9;4.099671176;363.21486;101.9554367;0.655385615
GC1;02.12.2016;n1-l-a4-l9;3.514087405;359.3981708;80.30608368;0.69293189
GC1;02.12.2016;n1-l-a4-l9;2.6514091;370.6395552;58.57042694;0.696820222
GC1;02.12.2016;n1-l-a4-l9;1.455248611;376.6113354;40.47607803;0.71433373
GC1;02.12.2016;n1-l-a4-l9;-0.024891621;392.4962054;30.9549675;0.722339277
GC1;02.12.2016;n1-l-a4-l9;-1.801435195;411.1958791;0.474433213;0.763730204
GC1;02.12.2016;n2-l-a4-l9;16.3412933;314.152614;1298.346802;0.228346091
GC1;02.12.2016;n2-l-a4-l9;13.65799275;296.3579612;998.814209;0.272321933
GC1;02.12.2016;n2-l-a4-l9;12.96122021;301.4082129;499.6054993;0.456603136
GC1;02.12.2016;n2-l-a4-l9;8.533029748;328.2265249;200.1469574;0.615020996
GC1;02.12.2016;n2-l-a4-l9;5.399586648;349.6807903;124.0397949;0.661780521
GC1;02.12.2016;n2-l-a4-l9;4.094565658;358.8184708;98.40284729;0.687378856
GC1;02.12.2016;n2-l-a4-l9;2.982986996;367.0889598;80.37332153;0.705060054
GC1;02.12.2016;n2-l-a4-l9;2.216740443;372.5863369;58.62820435;0.720093
GC1;02.12.2016;n2-l-a4-l9;1.485684854;378.8383767;40.5985527;0.732669868
GC1;02.12.2016;n2-l-a4-l9;-0.218161963;393.5574576;31.05753326;0.73961507
GC1;02.12.2016;n2-l-a4-l9;-1.436512285;405.310679;0.394887775;0.773312892
GC1;02.12.2016;n3-l-a4-l10;11.01041027;338.0555136;1298.820557;0.169834963
GC1;02.12.2016;n3-l-a4-l10;10.92876444;314.828835;998.4645386;0.214686128
GC1;02.12.2016;n3-l-a4-l10;10.57153488;326.4886629;499.7540283;0.376396952
GC1;02.12.2016;n3-l-a4-l10;7.356508833;340.6017799;200.3189392;0.580815201
GC1;02.12.2016;n3-l-a4-l10;5.033872983;355.1354437;124.2052917;0.640794647
GC1;02.12.2016;n3-l-a4-l10;3.168015842;364.2728568;98.48625946;0.66523946
GC1;02.12.2016;n3-l-a4-l10;3.452488718;356.6402438;80.53650665;0.683990454
GC1;02.12.2016;n3-l-a4-l10;1.483842265;379.7252241;58.83135986;0.702694763
GC1;02.12.2016;n3-l-a4-l10;1.019134418;379.7301765;40.75501251;0.717025485
GC1;02.12.2016;n3-l-a4-l10;0.475328074;388.0804222;31.23223495;0.726386166
GC1;02.12.2016;n3-l-a4-l10;-0.961758118;403.0680289;0.424854308;0.77002307
GC1;02.12.2016;n1-h-a4-l9;19.20942513;294.2830731;1298.874878;0.317866551
GC1;02.12.2016;n1-h-a4-l9;17.77238467;283.6679306;1001.603882;0.392052202
GC1;02.12.2016;n1-h-a4-l9;14.4856573;286.1714724;501.3428955;0.550017159
GC1;02.12.2016;n1-h-a4-l9;6.615718091;332.9662274;200.8854828;0.677996728
GC1;02.12.2016;n1-h-a4-l9;4.74924967;349.0067702;124.3656845;0.708509159
GC1;02.12.2016;n1-h-a4-l9;2.811547716;359.9302145;98.68288422;0.719045945
GC1;02.12.2016;n1-h-a4-l9;1.917489925;371.4711048;80.50987244;0.724596987
GC1;02.12.2016;n1-h-a4-l9;1.593390251;369.6891969;58.86084366;0.73109759
GC1;02.12.2016;n1-h-a4-l9;-0.436895753;396.8364378;40.66771317;0.735209038
GC1;02.12.2016;n1-h-a4-l9;0.183914904;387.7466139;31.23868561;0.739529169
GC1;02.12.2016;n1-h-a4-l9;-2.924821363;428.0616422;0.437383264;0.768525038
GC1;02.12.2016;n3-h-a4-l10;17.14397188;283.4662908;1301.62146;0.273847189
GC1;02.12.2016;n3-h-a4-l10;16.25142408;272.7963113;1000.701355;0.345370597
GC1;02.12.2016;n3-h-a4-l10;13.56773482;280.0518281;501.0418701;0.490240805
GC1;02.12.2016;n3-h-a4-l10;7.919272273;320.692743;200.9860229;0.613863511
GC1;02.12.2016;n3-h-a4-l10;5.015834876;344.8955081;124.6431656;0.655590932
GC1;02.12.2016;n3-h-a4-l10;3.681632619;356.8605776;98.92783356;0.674345876
GC1;02.12.2016;n3-h-a4-l10;3.319920745;359.3580911;80.90325928;0.691581236
GC1;02.12.2016;n3-h-a4-l10;2.023146431;371.6545269;59.22081757;0.709125634
GC1;02.12.2016;n3-h-a4-l10;1.028107116;382.4798117;40.97703552;0.721711619
GC1;02.12.2016;n3-h-a4-l10;0.663311356;386.1483552;28.25406456;0.730552898
GC1;02.12.2016;n3-h-a4-l10;-2.267918844;420.9969247;0.426872402;0.773400643
GC1;02.12.2016;n2-h-a4-l7;14.76180004;323.049374;1301.971313;0.277008457
GC1;02.12.2016;n2-h-a4-l7;14.59486087;310.1263097;1000.110596;0.372345256
GC1;02.12.2016;n2-h-a4-l7;12.74643282;316.8654742;500.5736084;0.542098883
GC1;02.12.2016;n2-h-a4-l7;6.107072641;353.0009249;200.4862671;0.679300459
GC1;02.12.2016;n2-h-a4-l7;2.982643283;372.9620619;124.1098709;0.715715906
GC1;02.12.2016;n2-h-a4-l7;1.663294072;382.2879781;98.50928497;0.724367257
GC1;02.12.2016;n2-h-a4-l7;0.1222897;392.3542868;80.46157074;0.729651332
GC1;02.12.2016;n2-h-a4-l7;-0.198670977;395.4905933;58.7542305;0.73599834
GC1;02.12.2016;n2-h-a4-l7;-0.863258911;400.4619737;40.60416794;0.743963414
GC1;02.12.2016;n2-h-a4-l7;-0.709890388;399.1098269;31.29745483;0.748990445
GC1;02.12.2016;n2-h-a4-l7;-2.793797304;415.3300531;0.452254862;0.777777925
GC1;06.12.2016;n1-m-a4-l8;13.64978456;327.1125687;1299.026123;0.201654545
GC1;06.12.2016;n1-m-a4-l8;13.39154163;285.8103458;1000.270569;0.264381297
GC1;06.12.2016;n1-m-a4-l8;12.21201999;294.1801504;499.3416443;0.436991506
GC1;06.12.2016;n1-m-a4-l8;7.257484445;324.6237044;199.9418488;0.631717265
GC1;06.12.2016;n1-m-a4-l8;5.662852738;340.1617711;123.9624557;0.682076272
GC1;06.12.2016;n1-m-a4-l8;3.10137792;360.5210195;98.33652496;0.701681577
GC1;06.12.2016;n1-m-a4-l8;2.510499819;367.9308872;80.33279419;0.713459042
GC1;06.12.2016;n1-m-a4-l8;1.061044;381.7669258;58.69099808;0.722593655
GC1;06.12.2016;n1-m-a4-l8;0.382944196;391.0654738;40.56563187;0.727961454
GC1;06.12.2016;n1-m-a4-l8;-0.116535524;395.7453278;31.11273766;0.733419006
GC1;06.12.2016;n1-m-a4-l8;-2.314755751;419.3595704;0.443166405;0.768418763
GC1;06.12.2016;n2-m-a4-l9;12.96745715;326.359475;1301.802612;0.216413418
GC1;06.12.2016;n2-m-a4-l9;12.10168256;301.9488787;999.2299194;0.288874794
GC1;06.12.2016;n2-m-a4-l9;11.41067656;315.0148717;499.045105;0.465147516
GC1;06.12.2016;n2-m-a4-l9;6.997186976;339.2406301;199.9777527;0.63464327
GC1;06.12.2016;n2-m-a4-l9;3.489480654;360.8005778;123.9286499;0.68061352
GC1;06.12.2016;n2-m-a4-l9;2.327169571;370.5173226;101.990509;0.695707968
GC1;06.12.2016;n2-m-a4-l9;2.089556093;371.4192369;80.27724457;0.705535438
GC1;06.12.2016;n2-m-a4-l9;1.311414216;379.8153902;58.60887909;0.715319706
GC1;06.12.2016;n2-m-a4-l9;-0.184145562;394.832935;40.48054504;0.719868294
GC1;06.12.2016;n2-m-a4-l9;-0.593707298;400.2830734;31.05558395;0.725861002
GC1;06.12.2016;n2-m-a4-l9;-2.691893628;430.1803316;0.50210762;0.758725446
GC1;06.12.2016;n3-m-a4-l7;8.793726645;346.4718251;1300.044678;0.212278935
GC1;06.12.2016;n3-m-a4-l7;7.667834591;339.1730433;1001.700195;0.244637065
GC1;06.12.2016;n3-m-a4-l7;6.442585881;353.054312;499.8631287;0.438665315
GC1;06.12.2016;n3-m-a4-l7;2.831863429;371.5384181;200.1826172;0.613402349
GC1;06.12.2016;n3-m-a4-l7;1.631857557;384.0877014;124.1719894;0.665092883
GC1;06.12.2016;n3-m-a4-l7;0.350554494;389.5175191;98.37858582;0.686967725
GC1;06.12.2016;n3-m-a4-l7;0.501670145;390.8466715;80.44792175;0.703004381
GC1;06.12.2016;n3-m-a4-l7;-0.66672482;398.3561576;58.70156097;0.713849255
GC1;06.12.2016;n3-m-a4-l7;-1.497591203;404.0525287;40.54379272;0.732665491
GC1;06.12.2016;n3-m-a4-l7;-1.834557446;408.2604915;31.02484703;0.738258151
GC1;06.12.2016;n3-m-a4-l7;-3.615816684;428.192883;0.464408278;0.782410908
GC1;06.12.2016;n3-l-a4-l8;8.630228599;352.3767459;1300.667114;0.139695111
GC1;06.12.2016;n3-l-a4-l8;8.065036259;345.6956809;1001.60791;0.18748948
GC1;06.12.2016;n3-l-a4-l8;8.135422892;339.1257709;500.1424255;0.333419013
GC1;06.12.2016;n3-l-a4-l8;5.126133854;349.491107;200.4235535;0.566763809
GC1;06.12.2016;n3-l-a4-l8;3.594700113;355.7304163;124.1530762;0.627807889
GC1;06.12.2016;n3-l-a4-l8;2.708790868;370.0886198;98.4978714;0.673749958
GC1;06.12.2016;n3-l-a4-l8;1.314904784;383.5576969;80.41578674;0.692910161
GC1;06.12.2016;n3-l-a4-l8;0.867257385;383.6464154;58.76674271;0.707629396
GC1;06.12.2016;n3-l-a4-l8;-0.433073096;397.4420413;40.50942612;0.719175645
GC1;06.12.2016;n3-l-a4-l8;0.4970855;389.3141545;31.15851784;0.724549529
GC1;06.12.2016;n3-l-a4-l8;-1.553637242;408.5190051;0.436938971;0.774147546
GC1;06.12.2016;n2-l-a4-l8;14.87981187;315.8282093;1298.734863;0.243763807
GC1;06.12.2016;n2-l-a4-l8;14.29192907;292.8075812;1000.20813;0.307298165
GC1;06.12.2016;n2-l-a4-l8;13.37461145;299.451369;499.4268494;0.487579925
GC1;06.12.2016;n2-l-a4-l8;8.103172653;331.7475496;200.1059113;0.633601244
GC1;06.12.2016;n2-l-a4-l8;4.940269486;354.8619716;124.0356674;0.676733476
GC1;06.12.2016;n2-l-a4-l8;3.693817878;364.2194948;98.38560486;0.698192169
GC1;06.12.2016;n2-l-a4-l8;2.967140913;369.5776592;80.41694641;0.714114052
GC1;06.12.2016;n2-l-a4-l8;1.628811276;380.013808;58.67537689;0.729402942
GC1;06.12.2016;n2-l-a4-l8;0.685451464;387.7821526;40.57304764;0.741150117
GC1;06.12.2016;n2-l-a4-l8;0.496946326;389.1571669;31.11554718;0.747176681
GC1;06.12.2016;n2-l-a4-l8;-1.548144042;408.7522135;0.443184078;0.783062789
GC1;06.12.2016;n1-l-a4-l8;16.4106609;343.2980752;1301.646851;0.210357583
GC1;06.12.2016;n1-l-a4-l8;14.98606458;318.7340549;999.2774658;0.273459639
GC1;06.12.2016;n1-l-a4-l8;14.27312905;289.8455938;499.0097046;0.457554051
GC1;06.12.2016;n1-l-a4-l8;8.886447798;337.0679572;199.9340057;0.624131721
GC1;06.12.2016;n1-l-a4-l8;6.170550159;352.8102272;123.9527588;0.671021021
GC1;06.12.2016;n1-l-a4-l8;4.271179827;360.5737972;98.28598022;0.697083666
GC1;06.12.2016;n1-l-a4-l8;4.179314402;354.6315603;80.28088379;0.712316306
GC1;06.12.2016;n1-l-a4-l8;1.929196612;377.7575829;58.50183868;0.728259175
GC1;06.12.2016;n1-l-a4-l8;0.770885921;387.4283729;40.47108459;0.739382333
GC1;06.12.2016;n1-l-a4-l8;1.046380667;385.0624202;31.08515167;0.745410056
GC1;06.12.2016;n1-l-a4-l8;-1.633383079;407.9590079;0.383486569;0.782683124
GC1;06.12.2016;n2-h-a4-l6;13.74273498;326.8328502;1300.642944;0.270411125
GC1;06.12.2016;n2-h-a4-l6;13.32446651;302.8202298;1001.671753;0.345828686
GC1;06.12.2016;n2-h-a4-l6;11.69276897;315.8194214;500.2795715;0.504754727
GC1;06.12.2016;n2-h-a4-l6;6.645363739;345.2050646;200.4929352;0.630670621
GC1;06.12.2016;n2-h-a4-l6;3.456767972;363.0963896;124.2044067;0.679334732
GC1;06.12.2016;n2-h-a4-l6;2.758437286;366.8193518;98.56468964;0.701468071
GC1;06.12.2016;n2-h-a4-l6;1.306900862;379.6855346;80.55480194;0.715856138
GC1;06.12.2016;n2-h-a4-l6;0.115216888;390.4601006;58.84260559;0.729739579
GC1;06.12.2016;n2-h-a4-l6;-0.813526831;399.40509;40.70521545;0.740844715
GC1;06.12.2016;n2-h-a4-l6;-1.41350986;404.5242643;31.26601791;0.744442898
GC1;06.12.2016;n2-h-a4-l6;-3.929177327;426.5347001;0.414815694;0.781481809
GC1;06.12.2016;n3-h-a4-l9;6.880248634;283.8670862;1298.149658;0.209499841
GC1;06.12.2016;n3-h-a4-l9;7.324920275;242.5335638;999.0084229;0.275961303
GC1;06.12.2016;n3-h-a4-l9;7.172778899;261.2184975;501.2964478;0.428415583
GC1;06.12.2016;n3-h-a4-l9;5.263783939;290.2167616;201.1005707;0.621164874
GC1;06.12.2016;n3-h-a4-l9;3.74595635;313.9849063;124.681366;0.678126132
GC1;06.12.2016;n3-h-a4-l9;3.173427271;317.1685334;98.97071075;0.70146526
GC1;06.12.2016;n3-h-a4-l9;2.145222312;338.5975559;80.9101181;0.71427478
GC1;06.12.2016;n3-h-a4-l9;1.386735145;355.7461735;59.23006821;0.726876101
GC1;06.12.2016;n3-h-a4-l9;0.530600266;377.3897006;40.94430161;0.735284337
GC1;06.12.2016;n3-h-a4-l9;-1.544222406;430.7942521;28.15171242;0.741343747
GC1;06.12.2016;n3-h-a4-l9;-2.627668703;458.7973606;0.504136264;0.776875482
GC1;09.12.2016;n1-m-a4-l7;6.110877827;313.283155;1301.181396;0.124553801
GC1;09.12.2016;n1-m-a4-l7;6.193158979;299.0838844;999.7202759;0.173968812
GC1;09.12.2016;n1-m-a4-l7;6.12869134;317.3717051;500.1808472;0.300237482
GC1;09.12.2016;n1-m-a4-l7;4.811249162;328.0645188;200.417572;0.518533752
GC1;09.12.2016;n1-m-a4-l7;2.719470944;350.5996304;124.1456833;0.598648698
GC1;09.12.2016;n1-m-a4-l7;2.673321909;351.9462664;98.50528717;0.62165439
GC1;09.12.2016;n1-m-a4-l7;2.142229279;357.7326727;80.50049591;0.637514219
GC1;09.12.2016;n1-m-a4-l7;1.140380218;372.181141;58.82375717;0.654325171
GC1;09.12.2016;n1-m-a4-l7;0.266698999;386.4637329;40.65657806;0.666532374
GC1;09.12.2016;n1-m-a4-l7;-0.28945535;395.8386112;31.25496864;0.670790489
GC1;09.12.2016;n1-m-a4-l7;-1.899398457;421.7281488;0.456245959;0.705656145
GC1;09.12.2016;n3-m-a4-l6;17.02525669;348.9427678;1301.224121;0.27923084
GC1;09.12.2016;n3-m-a4-l6;16.31737297;301.9183984;1001.068481;0.361904248
GC1;09.12.2016;n3-m-a4-l6;12.11642806;330.3297812;498.6682434;0.528596158
GC1;09.12.2016;n3-m-a4-l6;6.235932504;354.1426198;199.7318573;0.659744608
GC1;09.12.2016;n3-m-a4-l6;3.049365723;362.3505338;123.7611618;0.700432039
GC1;09.12.2016;n3-m-a4-l6;1.720335256;379.0607963;101.8562241;0.712000656
GC1;09.12.2016;n3-m-a4-l6;1.010956445;382.2254529;80.18758392;0.72162302
GC1;09.12.2016;n3-m-a4-l6;0.27762533;388.3079683;58.54189301;0.729417531
GC1;09.12.2016;n3-m-a4-l6;-1.443471006;409.6252242;40.2934494;0.735580929
GC1;09.12.2016;n3-m-a4-l6;-0.535335957;399.4591105;31.00484848;0.740426855
GC1;09.12.2016;n3-m-a4-l6;-3.726144828;445.3973932;0.466721356;0.768979224
GC1;09.12.2016;n2-m-a4-l8;8.793804337;336.14341;1301.963867;0.165413637
GC1;09.12.2016;n2-m-a4-l8;8.376476272;328.6478724;1001.305298;0.216590158
GC1;09.12.2016;n2-m-a4-l8;7.189751355;315.9959888;498.4923401;0.348322225
GC1;09.12.2016;n2-m-a4-l8;5.526585254;341.7210072;199.3964386;0.615986303
GC1;09.12.2016;n2-m-a4-l8;4.150438798;345.5035711;123.2320328;0.671346993
GC1;09.12.2016;n2-m-a4-l8;4.102466794;351.7054918;101.3964081;0.697312254
GC1;09.12.2016;n2-m-a4-l8;2.221634935;372.7554332;79.69586945;0.712197055
GC1;09.12.2016;n2-m-a4-l8;1.199274734;383.7510479;61.48796463;0.722848845
GC1;09.12.2016;n2-m-a4-l8;0.971089563;384.5577138;39.93028259;0.730077887
GC1;09.12.2016;n2-m-a4-l8;0.727171954;384.7256218;30.45791435;0.734548408
GC1;09.12.2016;n2-m-a4-l8;-1.044081666;405.6156999;0.371657372;0.766039286
GC1;09.12.2016;n1-l-a4-l7;12.13154691;339.8646967;1301.957764;0.155071213
GC1;09.12.2016;n1-l-a4-l7;10.71751104;332.9094175;1001.327332;0.203996711
GC1;09.12.2016;n1-l-a4-l7;10.07853972;328.7701243;498.7700806;0.351505986
GC1;09.12.2016;n1-l-a4-l7;6.361109107;341.5500281;199.608078;0.572275441
GC1;09.12.2016;n1-l-a4-l7;4.801380062;344.9604514;123.572731;0.641013863
GC1;09.12.2016;n1-l-a4-l7;3.532251413;364.6925338;101.6614151;0.66605386
GC1;09.12.2016;n1-l-a4-l7;2.841793785;369.1670847;79.96446228;0.686786107
GC1;09.12.2016;n1-l-a4-l7;1.632969265;376.2406314;58.23613739;0.706356898
GC1;09.12.2016;n1-l-a4-l7;1.020560618;383.8479893;40.201828;0.721561223
GC1;09.12.2016;n1-l-a4-l7;0.329921243;389.2029403;30.60592079;0.729827656
GC1;09.12.2016;n1-l-a4-l7;-1.646918663;411.1946035;0.341472656;0.775576013
GC1;09.12.2016;n2-l-a4-l7;14.15555476;338.7344777;1298.02356;0.205969214
GC1;09.12.2016;n2-l-a4-l7;13.68453473;317.7937013;1001.893372;0.264343511
GC1;09.12.2016;n2-l-a4-l7;11.97278096;318.9804075;498.8521423;0.432254307
GC1;09.12.2016;n2-l-a4-l7;7.626158771;340.7739786;199.6778259;0.604510982
GC1;09.12.2016;n2-l-a4-l7;4.819805719;357.870281;123.5822601;0.655064455
GC1;09.12.2016;n2-l-a4-l7;3.995117434;361.3155195;101.7005539;0.676660177
GC1;09.12.2016;n2-l-a4-l7;2.931118901;368.2405612;79.94992065;0.694609085
GC1;09.12.2016;n2-l-a4-l7;1.753496711;377.0375343;58.20672607;0.712154585
GC1;09.12.2016;n2-l-a4-l7;0.804737552;384.7990218;40.1762352;0.725350154
GC1;09.12.2016;n2-l-a4-l7;0.845003599;384.0125927;30.69191551;0.73196399
GC1;09.12.2016;n2-l-a4-l7;-1.526722285;406.1858918;0.27997005;0.775636372
GC1;09.12.2016;n3-l-a4-l6;7.939455745;329.9126961;1298.916748;0.106112254
GC1;09.12.2016;n3-l-a4-l6;6.815066131;322.4781836;998.3805542;0.131390659
GC1;09.12.2016;n3-l-a4-l6;6.869250775;306.3814027;499.1037598;0.241632603
GC1;09.12.2016;n3-l-a4-l6;5.358703443;307.8518729;199.6424408;0.480238112
GC1;09.12.2016;n3-l-a4-l6;4.46079823;335.5116312;123.5279388;0.581199465
GC1;09.12.2016;n3-l-a4-l6;3.988584884;342.6327577;101.6880646;0.613520958
GC1;09.12.2016;n3-l-a4-l6;2.439577084;361.0168738;79.90122986;0.640795719
GC1;09.12.2016;n3-l-a4-l6;1.711169844;368.6396721;58.1424408;0.664034432
GC1;09.12.2016;n3-l-a4-l6;1.218446778;379.5264473;40.11603546;0.681523298
GC1;09.12.2016;n3-l-a4-l6;1.312786414;377.9199695;30.68543625;0.690214564
GC1;09.12.2016;n3-l-a4-l6;-1.300719849;411.8512337;0.363430917;0.754087415
GC1;09.12.2016;n3-h-a4-l8;18.43277834;287.6286737;1300.797241;0.331816856
GC1;09.12.2016;n3-h-a4-l8;16.38101038;287.6149763;1001.635071;0.388752052
GC1;09.12.2016;n3-h-a4-l8;12.9775196;286.7356664;498.5968628;0.535854062
GC1;09.12.2016;n3-h-a4-l8;7.532149994;329.3129033;199.7232208;0.655883662
GC1;09.12.2016;n3-h-a4-l8;4.853809468;338.1779903;123.631958;0.694606061
GC1;09.12.2016;n3-h-a4-l8;2.813382933;365.8706067;101.7553101;0.712608507
GC1;09.12.2016;n3-h-a4-l8;2.563283096;359.529479;80.08541107;0.725163453
GC1;09.12.2016;n3-h-a4-l8;0.928121108;382.6273923;58.42443085;0.737073084
GC1;09.12.2016;n3-h-a4-l8;0.268428351;387.5391357;40.35216522;0.745315612
GC1;09.12.2016;n3-h-a4-l8;0.986746414;376.9991359;30.94646645;0.750134146
GC1;09.12.2016;n3-h-a4-l8;-1.235273022;409.6663827;0.372156948;0.786869722
GC1;09.12.2016;n2-h-a4-l5;12.78532611;290.7120642;1301.726074;0.236442196
GC1;09.12.2016;n2-h-a4-l5;11.41149163;288.6766258;1001.066284;0.292182266
GC1;09.12.2016;n2-h-a4-l5;10.00248953;291.5571981;498.5267334;0.443518402
GC1;09.12.2016;n2-h-a4-l5;5.861577231;331.6745588;199.6092529;0.600726629
GC1;09.12.2016;n2-h-a4-l5;3.476424424;357.2746463;123.6076355;0.656906187
GC1;09.12.2016;n2-h-a4-l5;3.435557213;349.255843;101.9423065;0.683205913
GC1;09.12.2016;n2-h-a4-l5;1.786027792;372.7095737;80.3374939;0.70607536
GC1;09.12.2016;n2-h-a4-l5;1.351455524;376.6666749;58.83703995;0.726679381
GC1;09.12.2016;n2-h-a4-l5;-0.382390299;395.9295246;40.72476578;0.741709235
GC1;09.12.2016;n2-h-a4-l5;0.148539036;390.0821337;31.30316544;0.745954952
GC1;09.12.2016;n2-h-a4-l5;-2.637833407;423.5249095;0.38784343;0.789114903
